filename	result
23019330.O20.txt	" פסק-דין בתיק ע""פ 1933/23 בבית המשפט העליון בשבתו כבית משפט לערעורים פליליים ע""פ 1933/23 לפני: כבוד השופט נ' סולברג כבוד השופטת ד' ברק-ארז כבוד השופט ע' גרוסקופף המערער: תאמר זועבי נ ג ד המשיבה: מדינת ישראל ערעור על הכרעת הדין וגזר הדין של בית המשפט המחוזי בנצרת, מיום 20.7.2022, ומיום 2.2.2023, בת""פ 39344-03-20, שניתנו על-ידי כבוד השופט ח' סבאג תאריך הישיבה: ז' בכסלו התשפ""ד (20.11.2023) בשם המערער: עו""ד איתן און; עו""ד משה סוחמי בשם המשיבה: עו""ד עילית מידן בשם שירות המבחן: עו""ס סיוון קוריס פסק-דין המערער החל בתהליך של קבלת אחריות, כעולה מדבריו לקצינת המבחן בתסקיר עדכני."
22032000.P08.txt	"משאלה הם פני הדברים, נותרה השאלה – האם יש להתערב בשיקול הדעת של המשיבה כאשר היא קבעה כי הספק שנותר לגבי הסיכוי שהעותר ביצע את העבירה, הוא ממשי ומשמעותי דיו כדי לקבוע עילת סגירה של ""חוסר ראיות""."
22010740.X06.txt	סיכומו של דבר, כל השיקולים הנדרשים בעניינם של המערערים הובאו בחשבון ולא נפלה בגזר דינו של בית המשפט המחוזי כל טעות המצדיקה התערבותנו.
23015880.E02.txt	על כך נסבה העתירה דנן.
23060140.E03.txt	על כך נסבה העתירה דנן.
23021700.P05.txt	לכן השאלה היא האם היו טעמים המצדיקים לעכב את יציאת העותר מהארץ במסגרת תביעת הגירושין.
21079460.E05.txt	"הלכה ידועה היא כי בית משפט זה לא יידרש לעתירה שהוגשה טרם קיבלה הרשות המוסמכת החלטה סופית בעניין העומד על הפרק (וראו, מיני רבים, בג""ץ 278/22 פלוני נ' רשות האוכלוסין, פסקה 3 והאסמכתאות שם (1.2.2022); בג""ץ 6367/20 אלהדלין נ' ועדת המשנה לפיקוח, פסקה 7 (28.4.2021))."
22014200.Y03.txt	לפנים משורת הדין, אין צו להוצאות.
21010890.J04.txt	ובמישור האופרטיבי, אני סבורה כחבריי שיש לקבל את הערעור ולהחזיר את התיק לבית המשפט המחוזי כדי שידון בהרשעת המשיב בעבירת מרמה והפרת אמונים.
23041680.E02.txt	על כך נסבה העתירה שלפנינו.
21026650.Z06.txt	חובת הגינות מוגברת זו כשלעצמה חייבה את המדינה בקיום ההסדר כפי שהסביר כאמור באריכות המשנה לנשיאה.
23028400.J09.txt	לאור הדברים שהשמיעה אמו של התינוק לפני בית המשפט המחוזי, נחתם גזר הדין בהערה שלפיה אין זה ברור מדוע התינוק ומשפחתו אינם זוכים לסיוע כספי משמעותי יותר מהרשויות.
22048250.A01.txt	אוסיף כי כל עיסוק נוסף בטענותיו של העותר עלול להוביל במקרה זה להחלפת היוצרות – דהיינו לבחינתו של הסדר הטיעון בבית משפט זה, ולא בבית המשפט שבפניו מתקיים ההליך העיקרי.
21078000.A07.txt	" פסק-דין בתיק ע""פ 7800/21 בבית המשפט העליון בשבתו כבית משפט לערעורים פליליים ע""פ 7800/21 לפני: כבוד השופטת ד' ברק-ארז כבוד השופטת י' וילנר כבוד השופט ע' גרוסקופף המערער: אחמד פריג' נ ג ד המשיבה: מדינת ישראל ערעור על גזר דינו של בית המשפט המחוזי מרכז-לוד מיום 5.10.2021 בת""פ 33544-04-20 שניתן על-ידי כבוד השופט ח' טרסי תאריך הישיבה: כ' באדר ב התשפ""ב (23.3.2022) בשם המערער: עו""ד איהאב ג'לג'ולי בשם המשיבה: עו""ד סיגל בלום מתורגמנית: ענדליב שהואן פסק-דין לאחר שנשמעו טענות הצדדים ובהמלצתנו, המערער חזר בו מערעורו והוא נדחה בזאת."
21069180.F09.txt	ראשית, מדובר בטענה אשר לא נטענה בבית המשפט המחוזי במהלך הטיעונים לעונש.
23008170.O03.txt	בתוך כך, מקובל עלי כי דברי המבקשת מושא הליך זה באים בגדר הבעת דעה בנוגע להתנהגות המשיב בתפקידו הציבורי; וכי הפרסום לא חרג מתחום הסביר בנסיבות העניין, כפי שהובהר בחוות-דעתו המקיפה של חברי.
22041220.C05.txt	ברי, כי עם קבלת הערר ניתן לעותרת, הלכה למעשה, הסעד העיקרי בעתירה – דהיינו מחיקת הרישום המשטרתי על שמה, ועל כן דין העתירה להימחק משהיא הגיעה לכלל סיום התדיינות (ראו: דפנה ברק-ארז משפט מינהלי כרך ד - משפט מינהלי דיוני 461-460 (2017) (להלן: ברק-ארז)), וזאת אף מבלי להידרש לשאלות שהעלתה העותרת, כמפורט בפסקה 12 לעיל.
23069680.Y07.txt	במצב דברים זה, החשיבות שבקבלת תסקיר בעניינם או שמיעת קולם בדרך אחרת מתחדדת ביתר שאת.
22071900.A03.txt	בנסיבות העניין, אין צו להוצאות.
22047620.M22.txt	יתר רכיבי הענישה שהוטלו עליו בגזר הדין יוותרו ללא שינוי.
21030510.E15.txt	ראוי היה לעותרות להסכים לדחיית העתירה לאור פסק הדין בעניין מחאמיד.
23037230.E02.txt	לאחר דיון במעמד שני הצדדים, בהסכמת בא כוח העותר קיימנו דיון במעמד צד אחד, עיינו בחומר החסוי ושמענו הסברים מפי גורמי הביטחון.
22059530.C05.txt	נוכח המפורט לעיל, תוך התחשבות בשיקולים לקולה שמנה בית המשפט המחוזי, ובשים לב לכלל לפיו אין ערכאת הערעור ממצה את הדין – אציע לחבריי להעמיד את עונשו של המשיב על 54 חודשי מאסר בפועל, כאשר יתר רכיבי הענישה אשר נקבעו בבית המשפט המחוזי יעמדו בעינם.
23084740.N03.txt	"כפי שנקבע לא אחת, דרך המלך להעלאת טענות נגד פגמים שנפלו בהגשת כתב אישום, לרבות בנוגע להפרה של זכות השימוע, היא במסגרת ההליך הפלילי גופו (בג""ץ 5064/19 לוי נ' היועץ המשפטי לממשלה, פסקה 3 (29.7.2019) (להלן: עניין לוי); בג""ץ 8066/18 משיח נ' פרקליטות מדינה, פסקה 8 (22.1.2019); בג""ץ 8419/21 מיי קופי היינה שותפות מוגבלת נ' עיריית חיפה, פסקה 4 (12.12.2021))."
22056330.O02.txt	"לכך אוסיף, כי בחלק מהמקרים דובר בנאשמים קטינים, אשר שיקולי הענישה הרלבנטיים לגביהם, שונים מן השיקולים שאותם יש להביא בחשבון כאשר מדובר בנאשמים בגירים, כבענייננו (סעיף 1א לחוק הנוער (שפיטה, ענישה ודרכי טיפול), התשל""א-1971; ע""פ 49/09 מדינת ישראל נ' פלוני, פסקה 27 לחוות הדעת של השופט י' דנציגר (8.3.2009))."
23017880.E03.txt	" פסק-דין בתיק ע""פ 1788/23 בבית המשפט העליון בשבתו כבית משפט לערעורים פליליים ע""פ 1788/23 לפני: כבוד השופט י' עמית כבוד השופטת ד' ברק-ארז כבוד השופט א' שטיין המערער: נאדים מסראווה נ ג ד המשיבה: מדינת ישראל ערעור על גזר דינו של בית המשפט המחוזי מרכז-לוד בת""פ 1178-06-21 מיום 30.1.2023 שניתן על ידי כב' השופטת מרב גרינברג תאריך הישיבה: כ""ט בסיון התשפ""ג (18.6.2023) בשם המערער: עו""ד אורי בר עוז בשם המשיבה: בשם שירות המבחן למבוגרים: עו""ד עילית מידן עו""ס סיון קוריס פסק-דין 1."
23029760.E03.txt	המשיבים הודיעו כי בדעתם להאריך את הצו המנהלי בתום תקופת צו המעצר הנוכחי.
22030340.F05.txt	לאור כל האמור, אציע לחבריי לדחות את שני הערעורים.
22066150.V07.txt	"במצב דברים זה, אינני סבור כי היה מקום לקבוע שהחלטת יו""ר ועדת הבחירות לדבוק בהוראת סעיף 6א לחוק היסוד, ולא לאפשר התגברות עליה על בסיס הנסיבות הפרטניות שהציג מר שיקלי, הצדיקה התערבות של בית משפט זה."
22001500.E14.txt	סוף דבר – הערעור נדחה.
21020920.F10.txt	לפיכך, אין בעונש זה משום החמרה יתרה.
23034450.P01.txt	משלא התבקשה תגובה - אין צו להוצאות.
23000510.J01.txt	בשים לב לכלל הידוע שלפיו ערכאת הערעור אינה ממצה את מלוא חומרת הדין, ומסיבה זו בלבד, אציע לחברי ולחברתי לקבל את ערעור המערערת כך שעונשו של המשיב יעמוד על 48 חודשי מאסר לריצוי בפועל מאחורי סורג ובריח.
23072010.E11.txt	בשלב זה, ולאור החלטת בית משפט קמא מיום 27.11.2023, עורכי הדין פלדמן וקסנטיני ממשיכים לייצג את זגורי, והסניגוריה הציבורית מתבקשת להיכנס לתיק בהקדם האפשרי.
23030570.E02.txt	על כך נסבה העתירה דנן.
21047150.P14.txt	מסקנה אחרת תרוקן מתוכן את התכלית שבבסיס הוראת סעיף 190 לפקודת המכס, כפי שהיא הובהרה בעניין שרידון.
21075840.R06.txt	כמו כן, לא ראינו הצדקה להיענות לבקשת העותרים לקצוב זמן לקבלת ההחלטה המחודשת בערר.
23039670.E02.txt	על כך נסבה העתירה שלפנינו.
22056840.P03.txt	סוף דבר: לו תישמע דעתי, יידחה הערעור על שני חלקיו.
20087940.F12.txt	אין לכחד, דבריו של בית המשפט המחוזי בחלקים אלה בפסק הדין אינם חד משמעיים, ועשויים היו לעורר קושי.
22036360.G06.txt	סופו של דבר, העתירה נדחית על הסף.
22089740.J08.txt	איגוד מרכזי הסיוע לנפגעות ולנפגעי תקיפה מינית נ ג ד המשיבים: 1.
23052160.C06.txt	כזה הוא המקרה כאן, כאשר המדינה הגיעה למסקנה כי הראיות הקיימות בתיק אינן יכולות לבסס את אשמתו של מי מהנאשמים בעבירה החמורה של רצח המנוח; וכאשר במסקנה זו לא קיימת עילת התערבות בדין.
20092880.J10.txt	אשר על כן, אציע לחברתי ולחברי לדחות את הערעור כאמור, על שני חלקיו.
23080620.R04.txt	"בכך גם לוקה העתירה באי-מיצוי הליכים כנדרש (ראו: בג""ץ 6466/23 פורום העצמאים מיסודה של ההסתדרות הכללית נ' שר התחבורה, פסקה 4 (19.9.2023); בג""ץ 2097/18 פלוני נ' מתאם פעולות הממשלה בשטחים, פסקה 2 (31.1.2019); בג""ץ 2428/23 איכר נ' שר המשפטים מר יריב לוין, פסקה 5 (29.3.2023))."
23016560.N06.txt	משלא התבקשה תשובה ובהתחשב במתכונת הדיונית שבה ניתנה ההכרעה, לא ייעשה צו להוצאות.
21066550.R08.txt	"לכך אוסיף כי במסגרת הדיון שהתקיים לפנינו, הבהירה באת כוח המדינה כי ""ככל ויהיו מקרים אחרים עם פשע מלחמה במישור הפלילי, אנחנו כמדינה לא נטען להגנה של פעולה מלחמתית"" (עמ' 10 לפרוטוקול הדיון מיום 21.6.2022)."
23018930.Y04.txt	"סוף דבר – העתירה נדחית על הסף בהיותה נעדרת עילה; בשים לב לאמור בפסקה 8 לעיל, העותרים ישלמו הוצאות לטובת אוצר המדינה בסכום של 5,000 ש""ח."
22057780.C03.txt	אשר על כן, לו תישמע דעתי, נדחה את הערעור ונותיר את גזר הדין על כנו.
22005020.G05.txt	"בהקשר זה יודגש כי לא די בטענות כלליות מעין אלו שהופיעו בעתירה או בליקוט ידיעות תקשורתיות שונות כדי לבסס טענה בדבר חוסר סבירות קיצוני בהחלטות רשויות התביעה והיועץ המשפטי לממשלה, ולמעשה די היה בכך כדי לדחות את העתירה על הסף (בג""ץ 3194/20 הליכוד תנועה לאומית ליבראלית נ' היועץ המשפטי לממשלה, פסקה 11 (29.12.2020))."
21077860.C06.txt	יתר רכיבי גזר הדין, כלשונם – ייוותרו על כנם.
22043000.R02.txt	" פסק-דין בתיק ע""פ 4300/22 בבית המשפט העליון בשבתו כבית משפט לערעורים פליליים ע""פ 4300/22 לפני: כבוד השופטת י' וילנר כבוד השופט י' כשר כבוד השופטת ר' רונן המערער: פלוני נ ג ד המשיבה: מדינת ישראל ערעור על פסק דינו של בית המשפט המחוזי חיפה מיום 11.05.2022 בתיק פ 060337-05-21 תאריך הישיבה: ט""ז בטבת התשפ""ג (09.01.2023) בשם המערער: עו""ד ראניה סרוג'י בשם המשיבה: עו""ד מירי קולומבוס פסק-דין בהינתן גילו הצעיר של המערער בעת ביצוע העבירות, היעדר עבר פלילי, והודאתו (אשר נעשתה בשלב בו נעשתה), ראוי היה למקם את עונשו של המערער נמוך יותר במתחם הענישה אותו קבע בית המשפט המחוזי, ולמצער, לנמק מדוע אין התחשבות בנתונים אלה."
22050670.C14.txt	על המערער לתאם את הכניסה למאסר, כולל האפשרות למיון מוקדם, עם ענף אבחון ומיון של שירות בתי הסוהר, בטלפונים: 074-7831077 או 074-7831078.
21071720.N09.txt	סוף דבר: אם תישמע דעתי, יידחה הערעור על שני ראשיו.
23051330.V01.txt	נוכח המסקנה שאליה הגעתי לא מצאתי להיענות לבקשת ראש לשכת עורכי הדין להצטרף להליך דנן, ואף היא נדחית בזאת.
22016390.M02.txt	העתירה נדחית אפוא על הסף.
22029420.X03.txt	בנסיבות העניין אין צו להוצאות.
22084150.E03.txt	ועד לאותו מועד יחולו עליו המגבלות והבטחונות שהושתו עליו בבית משפט קמא.
22071070.G08.txt	אשר לגזר הדין, חזר בא-כוח המערער על טיעוניו שבכתב, וביקש להקל עם מרשו ולהעמיד את גזר הדין על תקופת מאסרו עד כה – כ-18 חודשים.
22058980.A02.txt	
23039270.E02.txt	"לאחר דיון במעמד שני הצדדים, בהסכמת בא כוח העותר עיינו בחומר החסוי ונחה דעתנו כי נשקפת סכנה מן העותר, וכי יש בסיס לאמור בפרפרזה הגלויה בתגובת המשיב ולפיה העותר ""חשוד בפעילות חמאס תומכת טרור, וידוע כי נפגש עם בכיר החמאס באסט מעטאן ברמאללה לאחר תיאום מפגש""."
22049910.J11.txt	יתר רכיבי העונש כפי שנגזרו בבית המשפט המחוזי על המערערים, ייוותרו על כנם.
21063830.Z03.txt	נקודת האיזון שנבחרה אינה מצדיקה את התערבותה של ערכאת הערעור בתוצאה העונשית.
23029420.E04.txt	על כך נסבה העתירה דנן.
22019190.E06.txt	היה זה השופט א' א' לוי שעוד לפני שנים רבות, קיבל את ערעור המדינה ובפסק דין קצר וקולע, כהרגלו, החמיר בעונשו של מי שהורשע בעבירה לפי סעיף 332(2) לחוק העונשין והעמיד את רף הענישה על ארבע שנים.
22038230.C18.txt	קבלת עתירות מן הסוג דנן שמורה למקרים של אי-סבירות קיצונית, וכזו לא נמצאה במקרה שלפנינו.
22043030.N04.txt	לפיכך אציע לחברותיי שהערעור יידחה.
22045200.F03.txt	בנסיבות אלה לא נוכל – וממילא לא נרצה – להיכנס לנעליהן של רשויות התביעה ולהתערב בהחלטתן.
23052390.E03.txt	על כך נסבה העתירה דנן.
21022110.Y12.txt	משאלו הם פני הדברים, לא מצאתי כי נפלה שגגה בגזר דינו של בית המשפט המחוזי, ודאי לא כזו אשר מצדיקה את התערבותה של ערכאת הערעור בגזר דינו של המערער.
23040890.E02.txt	על כך נסבה העתירה דנן.
20085970.J15.txt	עוד אציע לחבריי כי בנסיבות החריגות של ההליך דנן, המערער ירצה את עונש המאסר שנגזר עליו במסגרת עבודות שירות היה ויימצא מתאים לכך.
22024400.X06.txt	העונש שהושת על המשיב חורג בצורה ניכרת לקולה מהענישה הראויה.
22035720.R09.txt	אין צו להוצאות.
23009100.C01.txt	זאת ועוד, החלטת בית המשפט הצבאי לערעורים כללה נימוקים הן במישור הכללי והן במישור הפרטני, תחת המגבלות המובנות מאליהן בתיקים ביטחוניים מסוג זה.
23004810.X01.txt	משלא נתבקשה תגובה איננו עושים צו להוצאות.
20087290.Z09.txt	ויודגש, כי אין בכל האמור מעלה כדי להמעיט מן החובות המעוגנות בתקנה 144 לתקנות התעבורה שאותן הפר המערער – עזיבת זירת התאונה בלא שקיבל רשות משוטר לעשות כן ובלא שמסר לאף גורם במקום את פרטיו.
21020500.C15.txt	מדובר בנערה צעירה בעלת רגשות, רצונות וחלומות.
22082360.E03.txt	על כך נסבה העתירה דנן.
23005390.X10.txt	ולבסוף, באשר לטענת העותר להיעדר ההנמקה בהחלטת השר, מקובלת עליי עמדת המדינה על פיה צו ההסגרה עליו חתם שר המשפטים הוא צו יישומי, המהווה המשך של ההחלטות השיפוטיות שהתקבלו בעניינו של העותר.
22032730.V01.txt	"כמו כן, פסק הדין ב-ע 88/02 ממדוח נ' התובע הצבאי הראשי (13.6.2002) עסק במקרה שבו המותב נחשף למידע אשר ""מתייחס הן לממצאי שקר בפוליגרף והן לעדות מפי השמועה ('עדות שמיעה')"" – מה גם שהסוגיה נדונה בבית דין צבאי, שם הוחלו אמות מידה שונות לפסילת מותב מאלה שבערכאות ""אזרחיות"" (ראו פסקה 19 שם)."
23056800.E04.txt	על כך נסבה העתירה דנן.
23017070.E02.txt	על כך נסבה העתירה דנן.
23041690.E02.txt	על כך נסבה העתירה דנן.
21072090.O02.txt	קשה להלום את טענת המערער, אדם בגיר וכשיר, בעשור הרביעי לחייו – כי נגרר למעשים שכאלה על-ידי חברו הצעיר ממנו.
23010270.E08.txt	נזכיר כי הלכה מושרשת עמנו שאין דרכה של ערכאת הערעור להתערב בעונש שהטילה הערכאה הדיונית אלא במקרים חריגים שבהם העונש שנגזר סוטה באופן ניכר מרף הענישה הנוהג, או כאשר פסק הדין לוקה בטעות מהותית שיש לתקנה.
22032650.04J.txt	לפיכך, החלטתי לצרף את דעתי לדעתו של חברי, השופט י' אלרון; דינו של הערעור – להידחות.
22006870.F03.txt	החריגה ממתחם זה כלפי מטה, בשל נסיבותיו האישיות של המערער, הביאה להשתת 15 שנים של מאסר בפועל רק מחמת הכלל שערכאת הערעור אינה ממצה את הדין עם הנאשם.
23020180.F06.txt	"ערעור המדינה בעניינו של קבאג'ה, בע""פ 2018/23, מתקבל: קבאג'ה ירצה בכלא 66 חודשי מאסר בניכוי ימי מעצרו, חלף 58 חודשי מאסר שהשית עליו בית המשפט המחוזי, ואילו יתר רכיביו של גזר הדין קמא יוסיפו לעמוד על כנם."
21078310.O03.txt	אין זאת אלא מן הפירות הבאושים של מצבורי הנשק במגזר הערבי, ושאר עבירות הנשק, והיד הקלה על ההדק; רעה חולה זו מחייבת ענישה הולמת.
22036520.V03.txt	בנסיבות העניין ובשים לב להערותיי בפסקה 11 לעיל, לא ייעשה צו להוצאות בערעור.
22074160.J02.txt	סוף דבר: העונש אשר נגזר על המערער הולם את חומרת מעשיו, מתחשב כדבעי במכלול נסיבות ביצוע העבירה ונסיבותיו האישיות ועולה בקנה אחד עם מדיניות הענישה.
20087180.G03.txt	שאר רכיבי העונש יוותרו בעינם.
23039260.E02.txt	אשר על כן, העתירה נדחית.
23019250.E01.txt	סוף דבר: בית משפט קמא אמנם הקל עם המשיבים, אך לא במידה המצדיקה את התערבותנו בהתאם להלכות המוכרות.
23032190.E02.txt	על כך נסבה העתירה דנן.
23029470.E02.txt	יחד עם זאת, מאחר שעניינה של העתירה הנוכחית הוא בצו הרביעי בלבד; לאור הצהרתם של המשיבים לפיה הצו החמישי, ככל שיוצא, יהיה הצו האחרון (אם לא יתקבל מידע ביטחוני שלילי חדש ביחס לעותר ואם לא ישתנו הנסיבות); ולאור עמדתם של שני חבריי, לא מצאתי לנכון להתערב בהחלטתם של המשיבים, ולא בלי התלבטות – אני מצטרפת לעמדתם של חבריי לפיה דין העתירה להידחות.
23034150.P12.txt	סוף דבר: דין הערעור ביחס לסעיף העבירה להתקבל, במובן זה שהמערער יורשע בעבירת הצתה לפי סעיף 448(א) רישא לחוק העונשין.
21027490.M06.txt	"ואולם, ספק אם בנסיבות אלה, ובהעדר חרטה מצד המשיב, יש להתייחס להודאתו החלקית כ""לקיחת אחריות"" או הבעת חרטה אשר תשמש כנסיבה לקולה (ע""פ 2068/16 פלוני נ' מדינת ישראל, פסקה 59 (1.1.2018))."
23013550.Y02.txt	בא-כוח המערער מסר כי אין באפשרות מרשו לשלם את הסכום האמור כל עוד הוא מצוי במאסר, ועל כן בכוונתו להגיש בימים הקרובים בקשה מתאימה למרכז לגביית קנסות.
23000220.E03.txt	נציין כי לקראת פקיעת צו המעצר הנוכחי הנתקף במסגרת העתירה, ביום 4.1.2023 הורה המפקד הצבאי על הארכת מעצרו המנהלי של העותר בארבעה חודשים נוספים, החל מיום 9.1.2023 ועד ליום 8.5.2023.
23014480.J05.txt	לצד הודאתו במעשים במסגרת הסדר טיעון, לחובתו עבר פלילי מכביד, בין היתר, בעבירות אלימות ואיומים.
23029460.E03.txt	על כך נסבה העתירה דנן.
21055800.X05.txt	סוף דבר: לא נמצאה עילה להתערבות בהחלטת היועץ המשפטי לממשלה שלא לפתוח בחקירה בעניינו של השוטר, ולפיכך, דין העתירה להידחות.
23065710.R02.txt	בטרם סיום יובהר, כי לא נעלמה מעינינו ההודעה שהגיש העותר בעקבות תגובת המשיבים, אולם אין באמור בה כדי לשנות מהתוצאה שאליה הגענו, אשר נותנת מענה מספק לנסיבותיו של המקרה שלפנינו.
22079440.E04.txt	לא זה המצב כאן, רחוק מכך, ולכן אין מקום לאמץ את המתווה שהוצע (לחשיפת סודות מסחריים של צדדים שלישיים ראו עמית, בעמ' 1049-1047).
22062530.V03.txt	"המרחק בין חשיפה זו ובין ""מסה קריטית"" העשויה להצדיק את פסילת המותב מלשבת בדין – ולו מטעמים של מראית פני הצדק – רב ביותר."
23043360.E02.txt	המשיבים הצהירו כי בדעתם אף להאריך את הצו המנהלי לתקופה נוספת של ארבעה חודשים.
23010770.E02.txt	על כך נסבה העתירה דנן.
22028360.W04.txt	ה נ ש י א ה השופטת וילנר: אני מסכימה.
22039920.J08.txt	מדובר במעשה בלתי אנושי, בגינו עליו לתת את הדין במלוא חומרתו.
22023130.J02.txt	אמנם, העונש אשר נגזר על המערערים חמור, אולם לא במידה המצדיקה את קבלת הערעור והתערבותנו כערכאת ערעור.
21047950.J01.txt	לאור כל האמור לעיל, איני סבור כי יש להתערב בעונש שנגזר על המערער, ועל כן אציע לחבריי לדחות את הערעור.
21002440.P08.txt	"גם אי איתורם של אורלי, אנדריי וחיים שנזכרו בעדותו של אילן הוא מטריד, מה עוד שככל הנראה המשטרה לא ערכה מחקר תקשורת של הטלפון של אילן כך שלא ניתן לומר כי היא מיצתה את כל האפשרויות על מנת לאתר את הדמויות הנ""ל."
22085040.G01.txt	משלא נתבקשה תגובה, ולא בלי התלבטות, אין צו להוצאות.
22081970.O13.txt	הענישה היא לעולם אינדיבידואלית, שקלול של נסיבות העושה ונסיבות המעשה.
23044860.Y01.txt	אשר על כן העתירה נדחית וממילא נדחית הבקשה למתן צו ביניים.
22008400.F01.txt	אשר על כן, העתירה נדחית.
23020750.P04.txt	בנסיבות אלה, ברי כי אין הצדקה כי בית משפט זה יחליף את שיקול הדעת המקצועי של רשויות החקירה והתביעה בשיקול דעתו שלו, ויורה על השלמת חקירה מקום בו הן סבורות כי אין לעשות כן.
22068470.E01.txt	אשר על כן הערעור נדחה על כל חלקיו.
22073360.E03.txt	על צו המעצר נסבה העתירה שלפנינו.
22083780.L06.txt	המערערים לא ערערו על יתר רכיבי גזר הדין (למעט ההרשעה והפיצוי), כך שמידת החומרה הרבה יותר במעשיו של א.ש תבוא לידי ביטוי במסגרת רכיב הפיצוי למתלונן בלבד.
22077710.E04.txt	"כפי שציינתי בעמ""מ 1716/13 'צו המורה לשלול את חרותו של אדם למשך חודשים לא מעטים הוא מסמך חשוב מספיק, כדי שעותק מקורי ממנו יישמר בהישג ידן של הרשויות הנוגעות בדבר, כדי שניתן יהיה להציגו בפני העצור אם תעלה דרישה לכך'."
22012230.V09.txt	למותר לציין כי בדומה לסוגיית פרסומם של שלושת הקטעים המקוריים, גם בעניין החומרים הנוספים רשאי המשיב 2 להעלות טענה חלופית לאיסור מכוח הוראת סעיף 325 לחוק השיפוט הצבאי ובהינתן השתלשלות העניינים המתוארת לעיל, ההזדמנות לברר טענות אלה כולן בערכאה הדיונית המתאימה טרם נתאפשרה.
23039570.V03.txt	"משכך הקביעות בעניין בן לולו באשר למשנה הזהירות שעל המותב לנהוג בהתבטאויותיו שמא יתפרשו ""כהבעת עמדה לעניין פרטי ההסדר הראויים"", יפים גם לכאן."
22038410.Y04.txt	אשר על כן העתירה נדחית.
21080680.W11.txt	אציע, אפוא, לחבריי לדחות את הערעור תוך הבעת תקווה כי שירות בתי הסוהר ייעשה כל שניתן, מבחינתו, להשלמת הליך הטיפול במערער.
23084310.M01.txt	לפיכך לא מצאתי בענייננו הצדקה להעברת ההליך למותב אחר, אף לא מטעמים של מראית פני הצדק.
23041670.E02.txt	כמו כן, בשים לב למועד פקיעת הצו נמסר כי גורמי הביטחון כבר העבירו המלצתם בדבר הארכת מעצרו המנהלי של העותר, לתקופה של כשישה חודשים נוספים.
22072640.A01.txt	משלא התבקשה תגובה ובהתחשב בכך שהעותר אינו מיוצג, אין צו להוצאות.
22048190.F02.txt	אשר על כן, מציע אני לחברותיי כי נקבל את ערעור המדינה, אך נסתפק בהעלאת תקופת מאסרו של המשיב לריצוי בפועל מ-25 חודשים ל-30 חודשים בלבד, בניכוי ימי מעצרו.
22012280.A02.txt	סוף דבר: העתירה נדחית.
23042730.M09.txt	בצד האמור, נותנים אנו משקל לנסיבותיו המשפחתיות החדשות של המערער ולחזרתו מערעורו על הכרעת הדין, דבר שאין להקל ראש בחשיבותו נוכח העובדה שמדובר בעבירות מין שבוצעו כלפי בנות משפחה.
23069130.A03.txt	"שירות הביטחון הכללי עתירה למתן צו על-תנאי תאריך הישיבה: י""ז בחשון התשפ""ד (1.11.2023) בשם העותר: עו""ד כאמל נאטור בשם המשיבים: עו""ד נועה רוזנברג פסק-דין שמענו את טענות הצדדים ועיינו בחומר החסוי."
22041270.C01.txt	בנסיבות אלו, לא קמה כל עילה להתערב בהחלטה האמורה.
23042880.F01.txt	זאת במיוחד נוכח העובדה שבית המשפט כבר הלך כברת-דרך לטובת העותר כאשר קבע בהחלטתו כי לעותר שמורה הזכות להגיש בקשה להשלמת חקירה נגדית של מי מהעדים בהתעורר צורך בכך.
21004740.J14.txt	"שנית, וכפי שציין חברי, בנסיבות שבהן לנפגע העבירה אין זכות ערר קנויה בהתאם לסעיף 64(א) לחוק סדר הדין הפלילי, באפשרותו להגיש עתירה לבית משפט זה נגד החלטה שלא להעמיד לדין חשוד מסוים בפרשה, אם כי ביקורת שיפוטית על החלטות מעין אלה תיעשה כידוע במשורה ובהתאם להלכות המושרשות הקובעות גדר התערבות מצומצמת ביותר בשיקול דעתן של רשויות החקירה והתביעה בהקשר זה (פסקה 30 לחוות דעתו של השופט אלרון; וראו גם, מיני רבים: בג""ץ 8088/14 פרחאת נ' היועץ המשפטי לממשלה, פסקה 14 לחוות דעתי (27.9.2017); בג""ץ 6209/01 בר-לב נ' היועץ המשפטי לממשלה, פ""ד נו(3) 625, 630 (2002))."
22016180.E02.txt	מכאן שבמקבילית הכוחות שבין רמת מעורבותו של המחבל בפיגוע, לבין השיקולים בדבר חומרת הפיגוע, האשם שדבק במחבל והנזק שיגרם לחפים מפשע אין לומר כי החלטת המפקד הצבאי חורגת ממתחם הסבירות.
23032270.P06.txt	לפנים משורת הדין, אין צו להוצאות.
23045160.Y05.txt	במצב דברים זה, סבורני כי יש מקום לערוך איזון שונה במידת מה מזה שערך בית משפט קמא, אשר מביא בחשבון את העובדה כי תפיסת מזומנים גורמת לנזק ניכר, ואילו נכסי המקרקעין יכולים לשמש להבטחת חילוט בהיקף ניכר, ככל שייפסק בתום ההליך.
23057480.E03.txt	על כך נסבה העתירה דנן.
22074780.C02.txt	"הלכה ידועה היא, כי שיקול הדעת המסור לרשויות האכיפה בתחום ניהול חקירה והעמדה לדין – רחב; ואילו מתחם הביקורת השיפוטית על החלטות מסוג זה – צר (השוו: בג""ץ 2682/99 אפל נ' פרקליטת המדינה, פ""ד נה(3) 134, 139 (2001); בג""ץ 3124/12 דור טכנולוגיות גז (דור גז) בע""מ נ' פרקליט מחוז דרום – פלילי (25.04.2012), והאסמכתאות שם)."
21043150.Q04.txt	המערער 4 טוען שצרפת לא צירפה את מלוא חומר החקירה שברשותה, כך שבקשת ההסגרה נשענת על ממצאי החקירה הישראלית בלבד והיא אינה כוללת את מלוא התשתית הראייתית הרלוונטית.
22068650.M03.txt	בשים לב לכלל שלפיו ערכאת הערעור אינה נוהגת למצות את חומרת הדין, אנו מעמידים את עונש המאסר בפועל בעניינו של המשיב על 48 חודשים, בניכוי ימי מעצרו.
21038400.Z07.txt	אחרי שהתנגש בניידת משטרה, המשיך לנהוג בצורה מסוכנת ובניגוד לכיוון התנועה ואף גרם לפציעות שני נוסעים ברכב אחר.
21003190.J04.txt	המתלוננת נחקרה ממושכות על דוכן העדים והמשיכה להתייצב במהלך שמיעת הראיות – וכך גם התייצבה לפנינו, יושבת בשקט עם המלווה אותה, אוחזת בידה, מבטה הנוגה מלווה את הטוענים במהלך הדיון.
22001990.E04.txt	"העותרת תישא בהוצאות המשיבה והמדינה בסך 5,000 ₪ כל אחת (סה""כ – 10,000 ₪)."
22042720.C04.txt	"בהתאם לכך, ומקום בו העבריינים שנתפסו מפנים פסולת למזבלה אינם ""מקימי ומפעילי"" המזבלה, אלא חלק מקבוצה רחבה של אנשים המשליכים את הפסולת שלהם באתר זה באופן ספוראדי; ובשים לב לכך שאין למשיבים מידע על אודות האחראיים על הקמת המזבלה והפעלתה, ככל שישנם כאלה – לא ניתן להיעתר לסעד השני שהתבקש בגדר העתירה, להורות על פתיחת הליכים פליליים נגד ""האחראים לביצוע העבירות הנרחבות במסגרת הקמת והפעלת המזבלה""."
23060160.E02.txt	המשיבים הצהירו כי בדעתם להאריך את הצו המנהלי לתקופה נוספת של שישה חודשים.
22067020.N04.txt	יתר רכיבי גזר הדין יוותרו על כנם.
23006340.F04.txt	"באשר לאמות המידה הראויות בענישה, כפי שציינתי לעיל, הנני סבור שעלינו להנחות את עצמנו באמצעות דברו של המחוקק ותקדימים שיצאו מלפנינו (ראו והשוו: ע""פ 5633/22 סאלח אל דין נ' מדינת ישראל (28.11.2022))."
22016820.X09.txt	כזכור, הנאשם 2 זוכה מביצוע עבירת הירי באזור מגורים והרשעתו בנשיאה והובלה של נשק בצוותא חדא מתייחסת רק לנקודת הזמן שלאחר ביצוע הירי, שכן נקבע בהכרעת הדין שלא הוכח שהוא היה מודע לכך שהמערער נושא עליו נשק עד לרגע בו זה נשלף בזירת האירוע (ראו: פסקאות 99-98 להכרעת הדין).
21065870.E12.txt	משאלו הם פני הדברים, העתירה נדחית.
21054270.Z09.txt	הערעורים נדחים.
22050030.N03.txt	בכלל זה, העובדה שהוא התחתן, שהוא מבקש לנהל אורח חיים נורמטיבי, שהוא היה במעקב מתמיד מאז שחרורו מהכלא וכן הלאה.
22059550.N09.txt	אך כאשר כלי זה מרוקן מתוכנו על ידי שימוש במידע פנים, תוך הפרה לכאורית של חובת אמון ואפשרות של התעשרות של בעל השליטה תוך פגיעה אפשרית בבעלי המניות – לפנינו פעילות לא רצויה מבחינה כלכלית, אשר פוגעת במבנה העסקה (השוו קרניאל, עמ' 306).
23068520.E02.txt	אשר על כן, העתירה נדחית.
21086900.V05.txt	המערער המלווה באביו הודיע כי הוא מוכן להסתפק בכך ואנו סבורים כי זוהי עמדה הוגנת ומאוזנת מצד המשיבה ומקווים שיהא בה משום עידוד המערער להתמיד בדרך השיקום באופן שיוביל אותו לחזור ממאסרו כמי שעלה על מסלול חיים נורמטיבי.
22037280.J06.txt	לאור האמור, נחה דעתי כי העונש שהושת על המערער אינו מצדיק הקלה נוספת; מבטא נכונה הן את נסיבות ביצוע העבירות הן את נסיבותיו האישיות, וכן עולה בקנה אחד עם מדיניות הענישה הנוהגת.
22071680.O07.txt	לבסוף אבקש להצטרף לדברי חברי השופט סולברג בפסקה 84 סיפא לחוות דעתו, ולייחל לכך שהצדדים יתעשתו וישכילו למצוא דרך לסיים סוף סוף את המחלוקות ביניהם בדרכי שלום.
23007580.V01.txt	הערעור נדחה, אפוא, על הסף.
22078480.J03.txt	מסע ההרס של הלילה הראשון לא הניא אותו מלהשתתף בהתקהלות בערב שלמחרת ולזרוק אבנים לעבר שוטרים.
21025080.N11.txt	יתרה מכך, בדיון שהתקיים לפנינו הובא לידיעתנו כי ביום 13.9.2021 הורשע המערער בעבירות של חבלה בכוונה מחמירה והחזקת סכין שלא כדין בגין אירוע נוסף של דקירת אדם בשכונת אבו ריאלה ביום 30.5.2017, לפני האירוע מושא הערעורים שלפנינו, ונגזרו עליו 6.5 שנות מאסר ועונשים נלווים (יצוין כי ערעורים על הכרעת הדין וגזר הדין תלויים ועומדים בבית משפט זה).
22022830.C07.txt	"המערער יתייצב לשאת בעונש המאסר בפועל שהוטל עליו ביום 7.8.2022 עד השעה 10:00 בבימ""ר הדרים, או במקום אחר על פי החלטת שירות בתי הסוהר, כשברשותו תעודת זהות או דרכון."
23040870.E02.txt	לא ראינו אפוא מקום להתערב בהחלטת המפקד הצבאי ולא מצאנו כי נפל פגם בהכרעות בתי המשפט הצבאיים בעניינו של העותר, לאור המסוכנות הנשקפת מהעותר לשלום הציבור ובטחונו.
22050680.N01.txt	אולם בכך לא די לצורך גיבוש עילה להתערבות בית משפט זה בשיקול דעתם הרחב של גורמי התביעה הצבאית.
21046850.J15.txt	"פלונים ערעור על הכרעת הדין וגזר הדין שניתנו על-ידי בית המשפט המחוזי ירושלים בת""פ 50841-09-19 מיום 20.5.2021 על ידי השופטת ת' בר-אשר תאריך הישיבה: כ""ט באייר התשפ""ב (30.05.2022) בשם המערער: עו""ד אכרם חליחל בשם המשיבים: מתורגמן: עו""ד איתי שהם מר אחמד סעדיה פסק-דין הערעור לפנינו הופנה תחילה הן לעניין הכרעת הדין והן לעניין גזר הדין, ואולם בתחילת הדיון לנוכח האמור בתסקיר המשלים מטעם שירות המבחן ממנו עלה כי המערער מודה במיוחס לו ומביע חרטה על מעשיו, חזר בו בא כוח המערער מהערעור על הכרעת הדין וטען לעניין העונש בלבד."
23042160.E02.txt	על כך נסבה העתירה דנן.
22061060.N08.txt	על כן, סעד זה, לא היה ניתן על ידנו בכל מקרה.
23011880.J01.txt	פעם הרוצח הוא אביה, פעם בן זוגה, ולעיתים, כפעם הזאת, מדובר באחיה.
21031160.W04.txt	העונש שהוטל עליו בפעם הראשונה (מאסר של ששה חודשים שרוצה בעבודות שירות) לא הרתיע אותו ובפעם השנייה הוא חזר על מעשיו ואף העצים אותם.
22005870.J05.txt	אשר על כן, ובהיעדר עילה להתערבות ערכאת הערעור, אציע לחבריי לדחות את הערעור.
23056790.E03.txt	על כך נסבה העתירה דנן.
23026640.E03.txt	על כך נסבה העתירה דנן.
23040520.E02.txt	אשר על כן, העתירה נדחית.
21007660.Y09.txt	אולם, בהתחשב בטענות הראויות שהעלתה המדינה בערעור שהוגש מטעמה כנגד קולת העונש כפי שנגזר מלכתחילה, הגעתי לכלל דעה כי במכלול הנסיבות יש להותיר את העונש שהוטל על המערער בעינו.
22000130.O05.txt	העותר ישא בהוצאות המשיבה, בסך של 10,000 ₪.
21022610.X09.txt	בשים לב לכך שהמערער הורשע בעבירות נוספות - בעבירת אינוס נוספת, מעשה סדום ושתי עבירות אלימות - העונש שנגזר עליו אינו מחמיר עמו ובוודאי שאינו מצדיק את התערבותה של ערכאת הערעור.
23064220.Y02.txt	לאור האמור, העתירה נדחית.
22039960.V01.txt	דומה כי בענייננו מעט יותר אורך רוח היה מייתר את טענת הפסלות ואת הערעור דנן.
23039000.E02.txt	לאחר דיון במעמד שני הצדדים, בהסכמת בא כוח העותר קיימנו דיון במעמד צד אחד, עיינו בחומר החסוי ושמענו הסברים מפי גורמי הביטחון.
21045990.Q13.txt	החוק ביצע אבחנה מובהקת ממצב דברים בו נשלל רישיון קיים, תוך שקבע במפורש כי גם על מי שנתנו שירותים פיננסיים לפי שיטת האסדרה הקודמת, לבקש רישיון כמבקשים חדשים.
23054420.C01.txt	העתירה נדחית בזאת בלי צו להוצאות.
23033920.E08.txt	על כך נסבה העתירה שלפנינו.
21059320.J05.txt	בנסיבות המתוארות לעיל, נחה דעתי אפוא כי סכום הפיצוי שנפסק הוא סביר, ואינו מצדיק את התערבות ערכאת הערעור.
23031050.O05.txt	בדרך זו, תִשמר הפרופורציה שבין תקופת המאסר שנגזרה על עלי לבין זו שנגזרה על מוחמד, גם בפסק דיננו בשלב הערעור.
22039310.Y01.txt	"במצב דברים זה, טוב עשה העותר אשר פנה למשיבים לבירור העניין, ובכלל זה האם אכן קיימת החלטה של השר המונעת מהמפכ""ל להיפגש עם מי מחברי הכנסת."
21068710.O12.txt	לטעמי, ניתן לקבוע במובהק, כי מקרה זה אינו בא בקהל אותם מקרים נדירים, חריגים שבחריגים, העשויים להצדיק את התערבותנו בעניינים כגון דא – פתיחה בחקירה והעמדה לדין.
22032350.C04.txt	אשר על כן, לו תשמע דעתי נדחה את שני הערעורים.
22022570.J03.txt	אשר על כן, אנו דוחים את הערעור.
22062450.J01.txt	גם כיום, בעודו מרצה את עונש המאסר בפועל שהושת עליו, ניכר כי אינו מפנים את משמעות בחירתו, ואינו לוקח אחריות מלאה על מעשיו.
23057530.E03.txt	על כך נסבה העתירה דנן.
23040940.E02.txt	אשר על כן, העתירה נדחית.
21080290.F13.txt	אני מצרף, אפוא, את דעתי על נימוקיה, לחוות דעתו של חברי השופט שטיין.
22047420.E07.txt	סוף דבר, העתירות נדחות ובהתחשב בנסיבות הקשות והמיוחדות של המקרה, לא ייעשה צו להוצאות.
23011280.V01.txt	"סעיף 134 לחוק סדר הדין הפלילי קובע כי ""במשפט פלילי ינוהל פרוטוקול שישקף את כל הנאמר והמתרחש בו והנוגע למשפט לרבות שאלות והערות בית המשפט, ואולם בדיון מקדמי רשאי בית המשפט, בהסכמת בעלי הדין, לכלול בפרוטוקול את עיקרי הדברים שבדיון"" (ראו גם סעיף 68א(א) לחוק בתי המשפט, התשמ""ד-1984; כן ראו והשוו: ע""פ 9055/18 ליולקו מדינת ישראל, פסקה 5 (13.1.2019); ע""א 7374/21 רונן נ' אלפסי, פסקה 12 (17.1.2022) (להלן: עניין רונן))."
22058720.C02.txt	"כאמור, לעותרים סעד חלופי בדמות ערעור במסגרת פסק הדין הסופי – הגם שבית משפט השלום ציין במסגרת ההחלטה כי ""לעיתים קבלת טענת הגנה מן הצדק מצדיקה הקלה בעונש"", וייתכן כי גם לטענות העותרים יינתן מענה במסגרת ההליך בבית משפט השלום, בְּבוֹא הָעֵת."
22086600.03N.txt	בנסיבות אלה, ומאחר שמהטעמים שהובהרו בחוות דעתו של חברי – החומר החסוי אינו חיוני להגנת המשיב, גם לטעמי דין הערעור להתקבל.
23048890.E02.txt	ביום 20.3.2023 אישר בית המשפט הצבאי את הצו השני; וערעור שהגיש העותר לבית המשפט הצבאי לערעורים נדחה ביום 22.5.2023.
23084050.N01.txt	העתירה נדחית.
22040110.V03.txt	"הערעור מתקבל אפוא, וההליך תמ""ש 7984-01-21 יועבר לטיפולו של מותב אחר."
23039170.A08.txt	" פסק-דין בתיק ע""פ 3917/23 בבית המשפט העליון בשבתו כבית משפט לערעורים פליליים ע""פ 3917/23 לפני: כבוד השופטת ד' ברק-ארז כבוד השופטת ג' כנפי-שטייניץ כבוד השופטת ר' רונן המערער: מוניר מלחם נ ג ד המשיבה: מדינת ישראל ערעור על גזר דינו של בית המשפט המחוזי בתל אביב-יפו מיום 27.4.2023 בת""פ 25148-08-22 שניתן על-ידי כבוד השופט צ' קפאח תאריך הישיבה: ט' באב התשפ""ג (27.7.2023) בשם המערער: עו""ד שאדי כבהא בשם המשיבה: עו""ד שרית חתוקה קצינת מבחן: גב' סיוון קוריס פסק-דין לאחר שנשמעו טענות הצדדים ובהמלצתנו, חזר בו המערער מערעורו והוא נדחה בזאת."
21019780.G10.txt	עונשי המאסר ירוצו בחפיפה, כמוסכם בהסדר הטיעון.
22051670.R11.txt	לנוכח כל האמור לעיל, לא מצאתי להתערב בעונש שנגזר על המערער, ואמליץ כאמור לחבריי כי גם ערעורו על גזר-הדין יידחה.
22064410.V01.txt	"בענייננו, לא עלה בידי המערער להראות כי המותב נחשף ל""מסה קריטית"" כזו."
23050880.E02.txt	על כך נסבה העתירה דנן.
22034010.J03.txt	עם זאת, בל נשכח כי מקורם של צווי ההחרמה בפיגוע נתעב ושפל.
22084700.E07.txt	סופו של יום, מסכים אני כי זכות הקיזוז עומדת לבנק במצבים של התנגשות מול נושים אחרים, וכך גם במקרה זה.
22073010.Y05.txt	מבלי להקל ראש בחלקו של המשיב בקטטה – שאכן היה החריף והקיצוני ביותר וגרם לנזק חמור לנפגעי העבירה – ואף לא במעשיו כשהם עומדים בפני עצמם, אנחנו סבורים כי בהינתן הנסיבות המפורטות לעיל, אין מדובר באחד המקרים החריגים בהם הסטייה שבגזר הדין היא כה חריגה, באופן אשר מצדיק את התערבותה של ערכאת הערעור בעונש.
22023090.P04.txt	משבית המשפט קמא לא ראה לנכון לחייב את המערער לשלם פיצוי למתלונן מהטעמים שהובהרו בגזר הדין, איננו סבורים כי יש מקום להוסיף על העונש שנגזר על המערער גם קנס כספי.
22088070.A06.txt	סוף דבר: הערעור מתקבל בחלקו כאמור בסעיף 13 לעיל.
22027830.N16.txt	"אוסיף ואציין כי למול גרסתה של המתלוננת עמדה לא רק גרסתו המכחישה של המערער (שבית המשפט לא נתן בה אמון) אלא גם גרסה של עדה (""א'"") שהעידה כי כנגד המערער אכן נרקחה עלילה על ידי אם המתלוננת."
22040770.F02.txt	שאר רכיבי גזר הדין שניתן על ידי בית משפט קמא יעמדו בעינם.
23059530.P01.txt	אין להקל ראש בשני האינטרסים הללו – אולם לאור כל האמור לעיל, אינני סבורה כי בנסיבות המקרה דנן יש להורות על ביצוע מידי של העונש רק בשלהם.
22062350.M03.txt	ערעור המדינה על קולת העונש מתקבל אפוא, ומאליו נדחה הערעור על חומרת העונש.
21001320.E21.txt	"על כן מסכים אני עם חברי כי הפיצוי שנפסק לטובת המערערת בגובה של כמיליון ש""ח בגין הנכות שנגרמה לה – בין אם יסווג כפיצוי נזיקי ובין אם יסווג כפיצוי עונשי – על אף שבמישור המוסרי, החברתי, הערכי והאנושי אין הפיצוי נראה הולם, במישור המשפטי הוא אינו מצדיק התערבות של ערכאת הערעור."
23022990.X03.txt	דומה אם כן, כי אף בענייננו, שיקולי יעילות הדיון מובילים למסקנה כי הסעדים הכספיים יישמעו יחד עם התביעה לסעד במקרקעין.
21072150.08Y.txt	ההנחה שבהעדר הצלחה במישור האמור או קוצר רוח מלהמתין לתוצאות המהלך שהעותרים מייחלים להצלחתו, המקום המתאים לקיום דיון לגופם של טיעוני העותרים והשגת התוצאה המבוקשת על ידם הינו בבית משפט זה, מוטלת, לדעתי, כאמור לעיל, בספק רב.
23015340.A02.txt	בית משפט קמא הטיל אפוא על המערער עונש קל – לטעמי, קל במידה מפליגה – אשר הסתכם ב-12 חודשי מאסר מאחורי סורג ובריח (לצד עונשים נלווים).
22047610.X14.txt	אנו מקווים שהמערערים ישכילו להבין כי ההזדמנות השנייה שניתנה להם אינה מובנת מאליה, ויצדיקו את האמון שניתן בהם בכל נתיב בו ילכו.
22002920.O05.txt	"נוכח האמור, ובהתחשב בכלל שלפיו ערכאת הערעור אינה ממצה את מלוא חומרת הדין בבואה להחמיר בעונשו של נאשם (ע""פ 3124/18 פלוני נ' מדינת ישראל, פסקה 18 (14.8.2019)), סבורני כי יש להוסיף 12 חודשי מאסר בפועל לעונשו של המשיב."
22050550.N01.txt	החומר החסוי שהוצג לפנַי תומך בדברים אלה ומניח תשתית מספקת למסקנה כי גם בעת הזו נשקפת מהמערער מסוכנות לביטחון המדינה והציבור ברמה ממשית ומוחשית הקרובה לוודאות, אשר לא ניתן לאיינה באמצעות חלופה אחרת שאינה מעצרו.
23022010.E08.txt	מכל מקום, והחשוב לענייננו, שאין מקום לקבל כעובדה מוגמרת את פיטוריו הצפויים של המערער, ויש להניח כי במסגרת השימוע שייערך לו במקום עבודתו, יילקחו בחשבון גם שיקולים לקולא, לרבות התחשבות בנסיבותיו האישיות.
22077870.X02.txt	אסביר את עמדתי בקצרה.
23036570.C04.txt	אני מצטרפת, אפוא, לחוות דעתו המפורטת של חברי השופט ח' כבוב ולמסקנתו כי דין הערעור – על כל רכיביו – להידחות.
21064600.F13.txt	"בפסיקתנו נקבע אמנם כי ישנם מקרים מיוחדים בהם רוכש המקרקעין השני בזמן יגבר על הרוכש הראשון בתחרות הזכויות המתקיימת בגדרי סעיף 9 לחוק המקרקעין, למרות שהעסקה לטובתו לא נרשמה, אולם תנאי לכך הוא כי הרוכש הראשון פעל בחוסר תום-לב – סובייקטיבי או אובייקטיבי – כלפי הרוכש השני, וגרם לתאונה משפטית: כריתת חוזה רכישה על ידי הרוכש השני כשזה האחרון לא יודע, ואינו יכול באופן סביר לדעת, על קיום העסקה המוקדמת בזמן בנוגע לאותם מקרקעין (ראו: ע""א 2643/97 גנז נ' בריטיש וקולוניאל חברה בע""מ, פ""ד נז(2) 385, 409-408 (2003))."
20081750.V13.txt	לא מן הנמנע, על כן, כי רבות מטענותיהם של העותרים ייענו ככל שהצעת החוק תתקבל.
22063320.F04.txt	לאחר קבלת חוות הדעת יינתן פסק דין משלים.
23038920.E02.txt	עוד הודיע המשיב כי בדעתו להאריך את הצו המנהלי לתקופה נוספת בתום צו המעצר הנוכחי.
21081720.V01.txt	זאת, בהינתן הנסיבות והשיקולים שפירט בגזר דינו, וחרף הסיכון להישנות ההתנהגות העבריינית מצד המערערים כפי שעלה מתסקירי שירות המבחן.
21043080.O04.txt	"לצד זאת וכהערת חברי (ראו פסקה 25 לחוות דעתו), על המשיבים ליתן דעתם להודעת מחלקת עררים בפרקליטות המדינה למחלקה לחקירות שוטרים מיום 21.4.2021, בדבר ""מרווח הפעולה"" הרחב מדי שמתירה בהקשר זה הפקודה המשטרתית בידי השוטרים."
23039870.N04.txt	כמו כן, אנו מטילים על המערער צו מבחן למשך שנה.
21084810.N05.txt	מכל מקום, כפתרון ביניים, אשר יש בו כדי 'ליטול את עוקצו' של החשש האמור, ניתן להניח כי אם תוגש על-ידי כליפה בקשה לפטור מתשלום אגרה ומהפקדת ערובה – חזקה כי זו תיבחן בכובד ראש, בהתחשב בין היתר במהותו של ההליך, ובפערי הכוחות שבין המדינה כמאשימה, לבין הנאשם.
23015190.E02.txt	אשר על כן, העתירה נדחית.
23056870.E03.txt	על כך נסבה העתירה דנן.
23032080.E02.txt	על כך נסבה העתירה דנן.
23037670.E03.txt	על כך נסבה העתירה דנן.
23055720.E03.txt	על כך נסבה העתירה דנן.
21069340.C11.txt	המשנה לנשיאה השופטת ע' ברון: אני מסכימה עם חברי השופט ח' כבוב כי בנסיבות המקרה אין מקום להתערבותנו בגזר הדין, ומצטרפת להערתו של חברי השופט ע' פוגלמן.
21026470.C08.txt	סיכומו של דבר, לא מצאתי כי יש מקום להתערבותו של בית משפט זה בפסק דינו של בית המשפט המחוזי – הן ביחס לרכיב הכרעת הדין והן ביחס לרכיב גזר הדין.
22019690.E17.txt	נוכח כל האמור, אציע לחבריי לדחות גם את ערעורו של הררי על שני ראשיו.
23041640.E02.txt	לא ראינו אפוא מקום להתערב בהחלטת המפקד הצבאי ולא מצאנו כי נפל פגם בהכרעות בתי המשפט הצבאיים בעניינו של העותר, לאור המסוכנות הנשקפת מהעותר לשלום הציבור ובטחונו.
22011950.J09.txt	יתר רכיבי גזרי הדין בעניינם של המערערים יוותרו על כנם.
22087080.V02.txt	העתק מהמסמך נמסר במהלך הדיון לידי בא כח העותר.
23047840.N02.txt	לא שוכנענו אפוא כי קיים פער בענישה המצדיק את התערבותנו.
23045270.Y01.txt	בנסיבות העניין, ומשלא נתבקשה תגובה – אין צו להוצאות.
21080130.F05.txt	זאת ועוד: הואיל והמערער לא היה תושב ישראל בזמן ביצוע העבירות המיוחסות לו, אין הוא זכאי להתחייבות לחזור לישראל לריצוי עונשו, ככל שיוסגר לארצות הברית, יורשע בדין ויוטל עליו עונש מאסר (ראו: סעיף 1א(א)(2) לחוק ההסגרה; ועניין אמארה, בפסקה 47).
22021170.O05.txt	אין מצדה של המשיבה התכחשות לתקלה, ויש לקוות שהלקח הופק.
21047750.J04.txt	עד להתייצבות המערער למאסר, תנאי השחרור שנקבעו בבית המשפט המחוזי יעמדו על כנם.
21083220.W05.txt	לאחר ביצוע הירי ניסה להימלט מהשוטרים שקראו לו לעצור ועשה לשיבוש מהלכי משפט כשהוא זורק את האקדח והמחסנית לצמחייה שבאזור המנוסה שלו תוך שהוא רומז לאביו לחפשם.
22005790.X03.txt	אדגיש כי גם בעניינו של אגבאריה נלקח בחשבון הכלל של אי-מיצוי הדין.
23056340.V01.txt	לא מצאתי כי ענייננו מצדיק סטייה מנקודת מוצא זו.
22018100.M01.txt	נחוצה אפוא ההחמרה בעונש, כדברי חברי, ואלמלא היינו בשלב הערעור, שבו איננו ממצים את מלוא חומרת הדין, היה ראוי לגזור על המשיבה עונש חמור עוד יותר מ-36 חודשי מאסר.
21031870.J02.txt	ביחס ליתר רכיבי העונש שנגזר על המערער, אלו הולמים את חומרת מעשיו ומתחשבים כדבעי במכלול נסיבות ביצוע העבירה ונסיבותיו האישיות.
23024270.X06.txt	בנסיבות העניין, לא ייעשה צו להוצאות.
23030550.E03.txt	על כך נסבה העתירה דנן.
20079850.J20.txt	זאת ועוד, בחירתו של המערער לחזור לדירת המנוח, בבוקר שלאחר אירועי הקדימון, שניסיון הרצח במסגרתם לא צלח כאמור, וכאשר הוא מצויד גם הפעם בחוטי חשמל, מלמדת על מידת ההחלטיות שלו בתוכניתו להמית את המנוח, ועל נחישותו להוציאה מהכוח אל הפועל.
22006520.E13.txt	מהאמור לעיל עולה כי מעבר לטענה של אי קיום שימוע פורמלי, אין למערער טענה של ממש לגופם של דברים, ומכל מקום, טענותיו עמדו בפני משרד הביטחון, שפעל ככל יכולתו בכדי לממש את ההתקשרות, בטרם התקבלה ההחלטה.
23079140.P04.txt	על כן, נראה כי לאחר שיתייצבו העותרים לתחילת ריצוי עונשם, יוכלו לפנות לגורמים המוסמכים בבקשה להעבירם לרצות את עונש המאסר בישראל.
21061220.O04.txt	עם זאת, בהתחשב במדיניות הענישה הנוהגת; בנסיבותיו הייחודיות של המקרה; בעברו הנקי של ולדימיר; בהודאתו; בחרטתו המלאה והכנה; ובמאמציו לעמוד בתשלום הפיצוי שנקבע – אציע כי נקבל את הערעור, ונפחית את עונשו של ולדימיר, כך שזה יעמוד על 12 שנות מאסר בפועל.
22017790.J10.txt	מכלל הטעמים האמורים, ובכפוף לאמור בפסקה 56 לעיל – אשר אינו משליך על עונשו של המערער, אציע לחברי ולחברתי כי נדחה את הערעור על הכרעת הדין ועל גזר הדין.
21003770.Z17.txt	"בשולי הדברים, ולנוכח הסקירה הפרטנית של עמדות הפרקליטות ועמדת מח""ש בהחלטה, אזכיר את הוראת סעיף 22(4) לחוק, הקובעת כלהלן: סייגים לפרסום ולמסירת מידע 22."
21007530.N04.txt	על כן, נוכח מכלול השיקולים האמורים החלטנו לקבל את הערעור באופן שבו המערער ירצה עונש מאסר בפועל בן 10 חודשים, חלף עונש המאסר בפועל שהושת עליו בבית המשפט המחוזי.
22009010.M03.txt	זאת בשים לכלל שלפיו ערכאת הערעור אינה ממצה את הדין עם הנאשם בקבלת ערעור התביעה.
23039100.E02.txt	כמו כן, בשים לב למועד פקיעת הצו השלישי נמסר כי גורמי הביטחון כבר העבירו המלצתם בדבר הארכת מעצרו המנהלי של העותר פעם נוספת ואחרונה, לתקופה של כשישה חודשים, וזאת אלא אם יתקבל מידע חדש לגבי הסכנה הצפויה מן העותר או אם יחול שינוי בנסיבות באופן שיהיה בו כדי להגביר את הסכנה משחרורו.
23048800.E02.txt	"לאחר דיון במעמד שני הצדדים, עיינו בחומר החסוי בהסכמת בא כוח העותר ואין לנו אלא לחזור על האמור בפסק הדין בבג""ץ 1707/23."
23006520.G01.txt	"ואולם, העובדה שהמערער לא השכיל לתפקד במהלך האירוע כ""מבוגר אחראי"", עם כל הפסול המוסרי שבה, אינה מאפשרת ליחס לו אחריות למעשים שלא נעשו על ידו."
23055340.J02.txt	" פסק-דין בתיק בג""ץ 5534/23 בבית המשפט העליון בשבתו כבית משפט גבוה לצדק בג""ץ 5534/23 לפני: כבוד השופט י' אלרון כבוד השופט ח' כבוב כבוד השופט י' כשר העותר: אסלאם עאדל עיסא אלחגאזי נ ג ד המשיבים: 1."
22024340.F06.txt	"אשר על כן, אם תישמע דעתי, נדון בבקשה זו כבערעור וכן נקבל את הערעור ונקבע – חלף האמור בפסק דינו של בית משפט קמא – כי משרד הביטחון חייב לדאוג לכך שנכה צה""ל, או משוחרר צה""ל, אשר בא בפני ועדה רפואית עליונה בעניינה של נכות שנגרמה לו, לטענתו, עקב שירותו הצבאי, יקבל לידיו, ללא תשלום, את כל המסמכים הרפואיים שהוועדה נסמכת עליהם בהחלטתה, למעט כתבים שאותו נכה או משוחרר צה""ל עצמו מציג בפניה בפנייתו – וזאת, כעותק קשיח או כקובץ דיגיטלי, כפי שהגורם המתאים במשרד הביטחון ימצא לנכון."
23024280.F01.txt	"היועץ המשפטי לממשלה עתירה למתן צו על-תנאי בשם העותר: עו""ד מתן לקר פסק-דין השופט א' שטיין: 1."
22004310.V04.txt	לפיכך הערעור נדחה.
23041820.E03.txt	בשים לב למועד פקיעת הצו הנוכחי, המשיבים הודיעו כי בדעתם להמליץ על הארכת מעצרו המנהלי של העותר.
23023510.E02.txt	"עם זאת, לאחר שבהסכמת בא כוח העותר עיינו בחומר החסוי ושמענו הסברים מפי גורמי הביטחון, נחה דעתנו כי נשקפת סכנה מן העותר, וכי יש בסיס לאמור בפרפרזה הגלויה בתגובת המשיבים ולפיה העותר ""פעיל חמאס, לו קשרים לחמאס רצועת עזה; מעורב בפעילות חמאס ארגונית; וכן מעורב בפעילות חמאס ביטחונית המסכנת את ביטחון האזור""."
22046410.E02.txt	רחל גלית מגן נ ג ד המשיבים: 1.
21072690.N11.txt	יתר רכיבי גזר הדין יעמדו בעינם, ובכללם כאמור שיעור הפיצוי לטובת המתלונן.
23013920.E02.txt	על כך נסבה העתירה דנן.
21063590.F09.txt	אוסיף ואציין כי העובדה שהמדינה לא הוכיחה את מועד הכנסתם של כרטיסי ה-SIM אל תוך בית הסוהר אינה מעלה ואינה מורידה לעניינו של דבר-מה נוסף.
23051700.C09.txt	יוער, כי בדרך זו, יישמר גם היחס שהתבטא בגזר דינו של בית משפט קמא, בין תקופת המאסר שנגזרה על המערערים.
22016950.Y01.txt	בקביעת עונשו, הבאתי בחשבון, בנוסף למפורט לעיל, גם את הודאתו המיידית במיוחס לו, את גילו הצעיר בעת ביצוע העבירה ואת נסיבות חייו הקשות.
22030900.F10.txt	גם אם מדובר במקרה גבול קשה ומורכב, אין מקום להורות על ניהולו של הליך פלילי, אשר לפי הערכתם המקצועית של גורמי התביעה, אשר לא נמצאה עילה להתערב בה, אינו נושא סיכוי סביר להרשעה.
21051580.M12.txt	"בקביעה פרשנית זו, המכניסה בני זוג מאותו המין בשערי ""הדלת הראשית"" של חוץ האימוץ, אנו פוסעים בתלם שכבר נחרש בפסקי דין בתחום דיני המשפחה ובתחומים נוספים, אשר הכירו במהלך השנים בקיומה של זוגיות חד-מינית, בהורותם של זוגות חד-מיניים, ובזכותם לשוויון."
23028800.J02.txt	אשר על כן, ובשים לב לכך שאין זו מדרכה של ערכאת הערעור למצות את הדין, אציע לחברי ולחברתי לקבל את הערעור ולהחמיר בעונשו של המשיב כך שיעמוד על 40 חודשי מאסר בפועל חלף 30 חודשי המאסר שנגזרו עליו בבית המשפט המחוזי, יתר רכיבי גזר הדין יוותרו על כנם.
22024820.E01.txt	בנסיבות אלה, אין לומר כי ההחזקה בנשק פסקה ביוזמתו של המשיב ואין לזקוף זאת לזכותו.
21051340.N09.txt	אין צו להוצאות.
20082270.L08.txt	בנסיבות אלה, בוטל הסכם השיתוף כדין, ואין מקום להיעתר לסעדים לאכיפתו.
22065380.J04.txt	כך בכלל, וכך בפרט בעניינו של המשיב.
22026010.V01.txt	"נוכח המסקנה שאליה הגעתי מתייתר הצורך להכריע בשאלה אם טענת הפסלות הועלתה בשיהוי, אך ראיתי להעיר כי סעיף 146(א) לחוק סדר הדין הפלילי [נוסח משולב], תשמ""ב-1982, מורה שטענת פסלות תועלה ""לפני כל טענה אחרת""."
20090110.F16.txt	"העותר יישא בהוצאות המשיבים בסך של 4,000 ש""ח."
22086260.E03.txt	לא ראינו אפוא מקום להתערב בהחלטת המפקד הצבאי ולא מצאנו כי נפל פגם בהכרעות בתי המשפט הצבאיים בעניינו של העותר, לאור המסוכנות הנשקפת מהעותר לשלום הציבור ובטחונו.
23085790.O02.txt	כך גם במה שנוגע לטענה שלא ננקטו מספיק פעולות כדי להפחית מן הפגיעה בחירותו של המערער.
23046230.V02.txt	"לבסוף, אציין כי לא מצאתי כל הצדקה לקיים דיון בערעור זה, אשר כפי שנקבע בעבר, אין חובה לקיימו בערעור פסלות, לרבות ערעור הנוגע להליך פלילי (ראו: ע""פ 2966/15 אסילקו לעבודות בנייה וחקלאות בע""מ נ' מדינת ישראל, פסקה 7 (30.4.2015); ע""פ 3377/14 ארבל נ' מדינת ישראל, פסקה 2 (19.5.2014))."
23021650.J02.txt	אשר על כן, ובשים לב לכך שאין זו מדרכה של ערכאת ערעור למצות את הדין, אציע לחבריי לקבל את הערעור ולהחמיר בעונשו של המשיב כך שיעמוד על 54 חודשי מאסר בפועל, חלף 3 שנות המאסר שנגזרו עליו בבית המשפט המחוזי.
22057940.M08.txt	ככל שהיועצת המשפטית לממשלה תגיש לוועדה בקשה נוספת להארכת תקופת ההשעיה מעבר לתקופה שהתבקשה עד כה תוך 10 ימים מהיום, יעמוד הצו הזמני שניתן על כנו עד להחלטת הוועדה בבקשה הנוספת.
22013220.E02.txt	ברם, לנוכח ההבדלים בין כתב אישום רגיל לבין קובלנה פלילית פרטית, ולנוכח יכולתו המוגבלת של הקובל לגבות הודעות מהעדים, איני סבור כי יש לחייב את הקובל להמציא מראש את תוכן עדותם של עדים שאינם בשליטתו.
22000180.F03.txt	מדובר בעונש מידתי וראוי.
22026680.C05.txt	סעדים אלה התבקשו בקשר לטענות העותרת לפגמים בהתנהלות משיבות 5-3, אשר סיפקו לה מידע באופן אשר לא השביע את רצונה – וזאת, לתפיסת העותרת, מתוך ניסיון להגן על משיב 6 אשר עבד בפרקליטות המדינה.
23015890.J08.txt	לפני סיום, אבקש להבהיר אף זאת: טעות יעשה מי שיבקש להשתמש בפסק דין זה כתקדים המתאים לשמש לכלל או אף לחלק משמעותי מהמקרים בהם קטינים מורשעים בעבירות חמורות.
23037660.E02.txt	על כך נסבה העתירה שלפנינו.
23076520.C01.txt	"אומנם, ""קיימת אפשרות למתן זכות טיעון גם במקרים של כתבי אישום בעבירות שאינן מסוג פשע, אולם אין בכך כדי לכפות חובה על רשויות התביעה לקיים הליך שימוע בעבירות כאמור"" (עניין שעתל)."
22021880.A03.txt	נוסיף עוד כי, מחד גיסא, לאף אחד מהמערערים אין עבר פלילי, אך מאידך גיסא אין מדובר במעידה חד פעמית במובן זה שכתב האישום פורס מסכת של מקרים עם ריבוי מעשים.
23067890.R02.txt	העתירה נדחית אפוא.
22035800.C03.txt	סוף דבר: הערעור מתקבל כך שרכיב ההוצאות שנקבע בפסק דינו של בית המשפט המחוזי מבוטל בזאת.
22032440.J03.txt	לגישה זו, על התוצאה הנובעת ממנה בנסיבות דנן, הנני מצטרף בהסכמה.
21089910.E06.txt	משאלו הם פני הדברים, שני הערעורים נדחים.
23000730.V01.txt	מכל הטעמים המפורטים לעיל, הערעור נדחה.
22079740.E03.txt	במתן החלטה בסמוך לפקיעת הצו יש כדי לרוקן מתוכן את הליך הערעור ואת העתירה לבית משפט זה, ורצוי אפוא כי הליכי הערעור יתקיימו בהקדם ככל שניתן לאחר החלטת בית הדין הצבאי.
22040040.E07.txt	נזכיר בקצרה את התחנות העיקריות שעל פניהן חלפנו לאורך פסק הדין: הכנסות שהופקו מעסק בלתי חוקי הן הכנסות החייבות במס, ומצב שבו הכנסות אלו מחולטות מהנישום, אך בד בבד הוא נדרש לשאת במלוא המס בגינן – אכן משקף תוצאה שעומדת במתח אל מול העיקרון של גביית מס אמת.
22045850.J01.txt	לאור כל האמור לעיל, אני סבור כאמור כי דין ערעור המשיבים על חומרת העונש להידחות, ודין ערעור המדינה על קולת העונש להתקבל.
23047890.E01.txt	סוף דבר, שהעתירה נדחית.
22041030.M01.txt	ערעור המדינה על קולת העונש מתקבל אפוא, ומאליו נדחה הערעור על חומרת העונש.
21070390.X07.txt	סוף דבר – אציע לחברותיי כי נדחה את הערעור.
21074630.N15.txt	אשר על כן, דין הערעור להידחות.
23037720.E07.txt	ליבנו עם ההורים שחייהם השתנו מהקצה אל הקצה, ואשר ייאלצו להתמודד מדי יום ביומו עם תוצאות המעשים והמחדלים של יעקב והמערערת.
22075130.V01.txt	סיכומם של דברים – לא שוכנעתי כי מתקיימת בענייננו הצדקה לפסילת השופט ש' מלמד מלדון בהליך, אף לא מטעמים של מראית פני הצדק.
21058130.N16.txt	על כן, לא נפל כל פגם באבחונו ממערער 1 בדמות הטלת עונש מאסר לתקופה ארוכה יותר בת מספר חודשים ספורים, ואין באמור כל חריגה מעיקרון אחידות הענישה, ודאי לא כזו המצדיקה התערבות ערכאת הערעור.
21036330.X08.txt	בנסיבות אלה, ובהתחשב בכלל הנתונים שהוזכרו, לא מצאתי עילה להתערב בעונש שנקבע.
22003090.M02.txt	בשים לב לכלל, שאוזכר גם לעיל, שלפיו אין ערכאת הערעור נוהגת למצות את חומרת הדין, אנו מעמידים את עונש המאסר בפועל בגין העבירה נושא כתב האישום בענייננו על 30 חודשים, בניכוי ימי מעצרו של המשיב.
22018690.Y02.txt	אשר על כן, העתירה נדחית.
23032720.N01.txt	זאת בפרט שעה שהובהר לעותר כי עם קבלת החלטה כאמור ניתן יהיה לשוב ולבחון את יציאתו לקורס.
22059430.L04.txt	כך, נראה כי די בזיהויו של המערער על-ידי מכרו בסרטון ובתמליל ההתכתבות על מנת לקבוע כי דרישה זו מתמלאת בענייננו.
21024550.F15.txt	מדובר בשאלה מורכבת שעלולה בהחלט לעורר קושי להשיב עליה באופן מדויק וממצה במסגרת שאלון, על מגבלותיו של כלי זה כמתואר לעיל.
22005620.C07.txt	בנוסף, בהחלט יש לתת את הדעת לחלוף הזמן, כאשר האירוע התרחש בחודש מאי 2018, ומאז חלפו למעלה מארבע וחצי שנים.
21053470.A09.txt	מלבד זאת, לבית המשפט לנוער שלל סמכויות המוקנות לו בחוק הנוער למתן הוראות מתאימות אחרות בנסיבותיו של כל עניין.
22023180.N01.txt	בנסיבות אלו, מקום בו אף מבלי להעמיק חקר מתעוררות שאלות לא פשוטות באשר לגרסת העותרת, על אחת כמה וכמה שלא קמה כל עילה להתערב בהחלטה האמורה.
22016580.E04.txt	על המערער לתאם את הכניסה למאסר, כולל האפשרות למיון מוקדם, עם ענף אבחון ומיון של שירות בתי הסוהר, בטלפונים: 074-7831077 או 074-7831078.
22038570.Y04.txt	בנסיבות העניין, אין צו להוצאות.
23064890.E06.txt	אשר על כן, העתירה נדחית.
23016710.A06.txt	" פסק-דין בתיק ע""פ 1671/23 בבית המשפט העליון בשבתו כבית משפט לערעורים פליליים ע""פ 1671/23 לפני: כבוד השופטת ד' ברק-ארז כבוד השופטת י' וילנר כבוד השופטת ר' רונן המערער: חסן אבו קיעאן נ ג ד המשיבה: מדינת ישראל ערעור על גזר דינו של בית המשפט המחוזי בבאר שבע מיום 19.12.2022 בת""פ 52452-07-21 שניתן על-ידי כבוד השופט י' ליבדרו תאריך הישיבה: כ""ח בתמוז התשפ""ג (17.7.2023) בשם המערער: עו""ד דרויש נאשף בשם המשיבה: עו""ד תום קובצ'י בשם שירות המבחן: עו""ס סיון קוריס פסק-דין לאחר שנשמעו טענות הצדדים ובהמלצתנו – לאחר שנועץ בבא-כוחו – חזר בו המערער מערעורו."
22016130.J05.txt	סיכומם של דברים: אמנם בית המשפט המחוזי ביקש להתנהל ביעילות ועל כן הורה על הפסקת ההליכים מבלי שמצא טעם בהפניית המשיב לוועדת אבחון נוכח מצבו הרפואי, ואולם דרך המלך היא כפי שמורה סעיף 19ב – הפנייתו של המשיב אשר נמצא כי אינו מסוגל לעמוד לדין מחמת ליקוי בכשרו השכלי לוועדת האבחון לצורך החלטה על דרכי הטיפול בו, ובדרך זו יש לילך.
22068490.P01.txt	מובן כי ככל שתשובת המשיבה תשתהה מעבר לפרק הזמן הסביר או ככל שהתשובה לא תניח את דעתו, יוכל העותר לשוב ולפנות לבית משפט זה.
22079700.E04.txt	סוף דבר, העתירה נדחית.
23006630.L02.txt	בנסיבות העניין, אין צו להוצאות.
23006970.L01.txt	"הלכה היא כי טרם הגשת עתירה לבית משפט זה, על העותר לפנות לרשות המוסמכת לקבלת הסעד המבוקש; וכן לאפשר לרשות פרק זמן מספק (בהתאם לנסיבות המקרה) על מנת לבחון את הנושא, לשקול את הטענות, ולהשיב בהתאם (ראו, מני רבים: בג""ץ 7944/19 פוקס נ' היועץ המשפטי לממשלה, פסקה 9 (1.12.2019); בג""ץ 2030/20 ‏ התנועה למען איכות השלטון בישראל נ' שר המשפטים, פסקה 15 (18.3.2020); בג""ץ 6148/20 עיריית טייבה נ' ממשלת ישראל, פסקאות 8-5 (7.9.2020); בג""ץ 320/21 בנימין נ' היועמ""ש, פסקה 3 (17.1.2021); בג""ץ 1113/22 אמסלם נ' שר הביטחון, סגן ראש הממשלה, פסקה 5 (10.3.2022); בג""ץ 5673/22 אברהם יצחק בע""מ נ' שר הבינוי והשיכון, פסקה 3 (29.8.2022); בג""ץ 6849/22 פלוני נ' פרקליטות מחוז תל אביב (פלילי), פסקה 3 (23.10.2022); בג""ץ 6682/22 והגר נ' משרד הבריאות – מינהל הסיעוד, פסקה 4 (25.10.2022); בג""ץ 6103/22 החברה להגנת הטבע נ' שרת הפנים, פסקה 11 (14.11.2022); בג""ץ 4699/22 מועצה אזורית מטה בנימין נ' ראש ממשלת ישראל, פסקה 7 (6.12.2022))."
21036770.J02.txt	בענייננו, אין צורך להכביר במילים אודות הכיעור במעשים שהמערער ביצע והחומרה הנלווית אליהם.
22022600.J02.txt	אשר על כן, דין הערעור להידחות וכך אציע לחבריי שנעשה.
23026100.F10.txt	אלא שאין באמור כדי להוציא את תחולתו של הדין הכללי מדיני חדלות פירעון, ואין ספק כי ניתן להיעזר בדין זה במקרים בהם ההסדרים הייחודיים של דיני חדלות פירעון אינם חלים.
22034160.O08.txt	שאר רכיבי גזר הדין יעמדו בעינם.
21006400.F07.txt	עדי האופי ציינו כי המערער הוא מנהיג השואף לחינוך, לערכים ולעזרה למיעוטי יכולת, כי עזר לסטודנטים נזקקים ומצטיינים, וכי בתפקידו כראש מועצה קידם מאוד את המועצה המקומית ג'וליס.
23003890.E03.txt	על צו המעצר הנוכחי נסבה העתירה דנן.
21003490.V09.txt	לבסוף אציע כי בשים לב לכך שסוגיית הסמכות העניינית הועלתה מיוזמתנו, לא נעשה צו להוצאות בערכאתנו.
23090960.J03.txt	מעיון במידע החסוי העדכני עולה כי אכן יש בו כדי ללמד על מסוכנותו הרבה והממשית של המשיב, ומשכך, אני מחליט לקבל באופן חלקי את ערעור המדינה באופן שמעצרו המינהלי של המשיב יוארך עד ליום 1.3.2024.
23047970.E05.txt	אשר על כן, העתירה נדחית על הסף.
23059580.E02.txt	על כך נסבה העתירה דנן.
22059760.E05.txt	התוצאה אליה הגיעו ועדת השחרורים ובית משפט קמא מתחשבת במצבו הבריאותי של המערער ומאזנת אותו אל מול יתר השיקולים הצריכים לעניין, שעניינם בטובת הציבור ונפגעי העבירה.
23058740.E02.txt	בכפוף לאמור לעיל, לא ראינו מקום להתערב בהחלטת המפקד הצבאי ולא מצאנו כי נפל פגם בהכרעות בתי המשפט הצבאיים בעניינו של העותר, לאור המסוכנות הנשקפת מהעותר לשלום הציבור ובטחונו.
22068940.E06.txt	סופו של דבר: בית המשפט המחוזי נתן דעתו לכל השיקולים הצריכים לעניין, ולא מצאנו כי נפל בגזר דינו פגם המצדיק את התערבותנו.
21042150.W03.txt	דיון והכרעה 29.
23042170.E02.txt	אשר על כן, העתירה נדחית.
23046180.J05.txt	"בראי זאת, יש להביע הערכה רבה למתלוננת, אשר פעלה באומץ למיצוי הדין עם המבקש [...] אם לאחר כל זאת ננהג במידת הרחמים כלפי המבקש – נסב פנינו מפגיעתה של המתלוננת ומחומרת המעשים״ (רע״פ 551/23 פלוני נ׳ מדינת ישראל, פסקה 8 (30.1.2023); וראו גם: רע""פ 3550/23 פלוני נ' מדינת ישראל, פסקה 10 (11.5.2023))."
21088690.J01.txt	למקרא האמור לעיל, ניכר כי המשיב היה שותף פעיל בביצוע העבירות, החל בין היתר מהסכמתו עם אחיו לביצוע עסקאות בכלי נשק, עובר להעברת תשלום וחלוקת רווחים, וכלה בהסתרת כלי הנשק.
23068660.N01.txt	"לא למותר לציין כי מירוץ 30 הימים הקבועים בדין לצורך קבלת סיוע מהמשטרה, נעצר עם פניית המבקש למשטרה (בג""ץ 5960/17 אשלג נ' משטרת ישראל, מרחב דן תל אביב, פסקה 2 (22.10.2017); בג""ץ 2166/15 הרשקוביץ נ' משטרת ישראל, פסקה 5 (26.5.2015); בג""ץ 477/81 בן ישראל נ' המפקח הכללי של המשטרה, פ""ד לו(4) 349, 352-351 (1982))."
22016200.L12.txt	"יחד עם זאת אציין בקצרה כי לטעמי יש ממש בעמדתו של חברי השופט כשר, לפיה משנפגע העבירה רשאי להעלות טענות ביחס להפרת זכויותיו בהליך הפלילי עצמו; עומדת לו גם הזכות – ככל מי שבית המשפט הכריע בזכויותיו ה""הופלדניות"" – להעמיד את הכרעתו של בית המשפט גם במבחן ערכאת הערעור."
23040710.R05.txt	על המערער לתאם את הכניסה למאסר, כולל האפשרות למיון מוקדם, עם ענף אבחון ומיון של שירות בתי הסוהר, בטלפונים 074-7831077 או074-7831078.
23025630.F06.txt	הכרה בנזק זה כטעם מיוחד תוביל, מניה וביה, להטלת איסור פרסום על שמותיהם של כלל הנאשמים בעלי משפחה אשר עומדים לדין בגין עבירות ביטחון ומעשים הקשורים לטרור – תוצאה שנשללה על ידי המחוקק בקבעו את אשר קבע בסעיף 70(ה1)(1), סיפא, לחוק בתי המשפט.
22064760.Y01.txt	בנסיבות העניין, ומשלא התבקשו תגובות, אין צו להוצאות.
22020790.J06.txt	סוף דבר: בהינתן מכלול השיקולים, בנסיבות ביצוע העבירה ובנסיבותיהם האישיות של המשיבים, ובשים לב למגמת הענישה בעבירת הרצח באדישות, אציע לחברי ולחברתי כי נדחה את ערעור המשיבים ונקבל באופן חלקי את ערעור המדינה כך שעונשו של המשיב 1 יעמוד על 22 שנות מאסר בפועל, חלף 18 שנות מאסר שגזר עליו בית המשפט המחוזי; עונשו של המשיב 2 יוותר על כנו, ולו מאחר שערכאת הערעור תתערב רק בסטייה קיצונית ממדיניות הענישה הנוהגת ואף מן הטעם שערכאה זו אינה ממצה את הדין.
22037120.V02.txt	בהינתן אמירות אלה, ובשים לב לנסיבות ייחודיות נוספות הנוגעות לענייננו ובהן הזמן הקצר שחלף מאז מתן החלטת המעצר, חשיבותן הצפויה של קביעות מהימנוּת בהליך העיקרי, והסכמת המשיבה לקבלת הערעור – אני סבורה כי קמה הצדקה לכך שהמותב יימנע מלדון בעניינו של המערער, ולו מטעמים של מראית פני הצדק.
23059250.O04.txt	כמה נסיבות הביאונו להחליט להשאיר את העונש על כנו: מאמץ אמיתי, נמשך ומוצלח לשיקום, לרוגע, להשלמה, 'סולחה', הפנמה שמוכיחה את עצמה, מעורבותם של אחרים שלא נענשו כלל (הגם שבנסיבות העניין, אין לבוא על כך בטרוניה כלפי המדינה), ועוד כמה וכמה נסיבות שמייחדות את העניין שעל הפרק.
23040250.N04.txt	"לא למותר לציין גם כי בית המשפט המחוזי קבע בעניינו של המערער מתחם ענישה אחד בגין ביצוע עבירות בשתי פרשיות המנותקות זו מזו, וגזר את עונשו של המערער כמעט בתחתית המתחם ""המשוקלל""."
22058280.E04.txt	מהמסמכים עולה כי המערער שוחרר מבית החולים למחרת היום, וכי על פניו אין מדובר בתאונה קשה כפי שנטען.
22059320.N01.txt	משאלו הם פני הדברים, לא נפל כל פגם בהחלטת הרשמת לדחות את בקשת המערער.
23006640.J13.txt	זאת, כמובן, מבלי שאביע דעה כיצד על הוועדה הפסיכיאטרית המיוחדת שתדון בעניינו של המשיב לשקול את שיקוליה.
22012750.X02.txt	לאור כל האמור, דין הערעור להידחות.
23048790.E02.txt	לאחר דיון במעמד שני הצדדים, בהסכמת בא כוח העותר קיימנו דיון במעמד צד אחד, עיינו בחומר החסוי ושמענו הסברים מפי גורמי הביטחון.
23056810.J01.txt	סיכומו של דבר אציע לחברי ולחברתי לדחות את הערעור.
22027490.G10.txt	כך יש לדחות אף את טענות העותר שלפיהן צו ההחרמה אינו מידתי, ניתן על יסוד שיקולים זרים ונגוע בחוסר תום לב; זאת משעה שטענות אלו נטענו בעלמא, ללא תשתית עובדתית וראייתית ולו מינימלית, ועל כן אין להידרש להן.
23004250.E02.txt	יתר רכיבי גזר הדין יוותרו על כנם.
22014420.J02.txt	לא ניתן להניח על בסיס חוות הדעת בלבד כי המערער הוכיח, ולו במידת ההוכחה הנדרשת במשפט אזרחי, נסיבה בדבר מצבו הבריאותי-נפשי בעת הרצח.
22051770.R03.txt	בשים לב לתוצאה שאליה הגענו, לא ראיתי לעיין בחומר החסוי בעניינו של העותר, כאמור לעיל.
21072240.E05.txt	בנסיבות העניין ולנוכח התוצאה אליה הגעתי, ומאחר שהמשיב נשא בהוצאות אגד בערכאה דלמטה, אציע לחבריי שלא לחייב את המשיב בהוצאות בערכאה זו.
22050520.N04.txt	אולם גם בהתחשב בכל האמור, מעשיה של המערערת עדיין מחייבים ענישה מחמירה אשר תשקף את חומרתם באופן נחרץ ותרתיע אחרים מלפעול באופן דומה.
22083460.P03.txt	"לאחר שהקדים ופנה לשב""ס ולמשיב, עליו לפנות עתה לנשיאת בית המשפט המחוזי שאישרה את מעצרו המנהלי."
22030690.O07.txt	קיצורם של דברים: כאמור לעיל, הנני מצטרף לפסק דינו של חברי, השופט נ' סולברג.
22077910.J03.txt	הערעור נדחה אפוא.
23048920.E02.txt	אשר על כן, העתירה נדחית.
21089000.J07.txt	מכלל טעמים אלו, ובהתחשב בחומרתן הרבה של העבירות בהן הורשעו המערערים, נחה דעתי כי העונש שהוטל עליהם אינו סוטה ממדיניות הענישה הנוהגת – ואם ניכרת סטייה, הרי שהיא לקולה.
23037110.E02.txt	לאחר דיון במעמד שני הצדדים, בהסכמת בא כוח העותר קיימנו דיון במעמד צד אחד, עיינו בחומר החסוי וניהלנו שיח ושיג עם גורמי הביטחון.
21031900.J20.txt	"על כן, המערער יתייצב לשאת בעונש המאסר בפועל שהוטל עליו ביום 25.4.2022 עד השעה 10:00 בבית מעצר ""קישון"" או על פי החלטת שירות בתי הסוהר, כשברשותו תעודת זהות או דרכון."
22042830.R02.txt	סוף דבר: אציע לחבריי לדחות את הערעור ולהותיר את גזר הדין על כנו.
22076590.G09.txt	"לנוכח המאפיינים הציבוריים של חשבון המשיב 1, לא נדרשנו לכלל הטענות שהועלו על-ידי הצדדים, לרבות להיבטיו הציבוריים של חשבון של נבחר ציבור שהוא חשבון ""פוליטי"", במובחן מחשבון המשמש לפרסום תכנים הנוגעים לתפקידו הציבורי, ושאלה זו תיוותר לעת מצוא."
22001660.O04.txt	אדם צעיר, נעדר עבר פלילי, אשר מוצא עצמו מאחורי סורג ובריח כתוצאה ממעשה שלבטח לא הושקעה בו מחשבה תחילה.
23050960.A07.txt	"ההליך בעניינם של המשיבים מתנהל אמנם בדלתיים סגורות, אך כמתואר לעיל, מלכתחילה סגירת הדלתיים במקרה זה התבקשה לצורך הגנה על פרטיותה של המערערת, קרבן העבירות, ובהתאם יש לייחס משקל לכך שהיא זו שמבקשת את הפרסום (ראו: ע""פ 4430/14 חדשות 10 בע""מ נ' פלונית, פסקה 12 (6.9.2015); ע""פ 34/21 פלוני נ' מדינת ישראל, פסקה 18 (25.7.2021); בש""פ 5647/22 פלוני נ' ידיעות אחרונות, פסקה 13 (14.9.2022) (להלן: עניין ידיעות אחרונות))."
22076920.J01.txt	העתירה נדחית אפוא על הסף.
23022190.E02.txt	על כך נסבה העתירה דנן.
23013700.E01.txt	יתר רכיבי גזר הדין יוותרו על כנם.
22058360.O09.txt	אשר על כן, במכלול הנסיבות, אני סבור כי נגזר על רמי עונש הולם, השוכן לבטח במתחם אי-ההתערבות של ערכאת הערעור.
22089480.V17.txt	השופטים ד' ברק-ארז, ד' מינץ וא' שטיין סברו אף הם כי מינויו של דרעי לשר פסול, אך זאת מן הטעם שהוא מנוע מלכהן כשר לנוכח הנסיבות המפורטות בחוות דעתם, והנוגעות למצג שהציג דרעי בפני בית משפט השלום שגזר את דינו בעבירות המס.
23063040.J02.txt	"מפקד כוחות צה""ל באיו""ש 2."
22008040.N23.txt	גם בשים לב לאילוצי המשיבה להגיע להסדר טיעון מקל עם השותף, נראה לנו כי מראית פני הצדק מחייבת פער ענישה מתון יותר בין המערער לבין השותף ומטעם זה בלבד אנו מעמידים את עונש המאסר בפעול שהושת על המערער על 8 שנים, דהיינו בתחתית מתחם הענישה שנקבע.
22026350.E04.txt	בנסיבות העניין, ולאור המתכונת הדיונית שבה ניתנה ההכרעה ובהתחשב במהותו של ההליך – לא ייעשה צו להוצאות.
22020830.J11.txt	במהלך המאבק שהתחולל בדירה, רצח את המנוח, פצע את המתלוננת באורח קשה ולבסוף שדד את תכולת כספת הדירה.
22001260.R03.txt	יתר רכיבי העונש שקבע בית המשפט המחוזי ייוותרו על כנם.
23005800.X14.txt	"מכאן, שעניינם של העותרים מצוי בטיפול ולא נזנח, ומכל מקום לא ניתן לומר כי פרק הזמן שחלף מאז פתיחתה המחודשת של החקירה מצדיק את התערבותנו (בג""ץ 8874/10 לחיאני נ' משטרת ישראל, פסקה 2 (13.12.2010))."
22023480.N02.txt	פרקליטות המדינה פלילי- מחוז תל אביב 5.
23056970.N01.txt	זאת ועוד, אף אם אניח שהעתירה אכן מכוונת נגד פעולת השלמת החקירה לבדה, אין בכך כדי לסייע לעותר.
22047430.E03.txt	יתר רכיבי גזר הדין יעמדו על כנם.
23027470.V01.txt	מן הטעמים שפורטו, הערעור נדחה.
22014870.V09.txt	"טענות אלה, אף אם היה בהן ממש, אינן משנות את מסקנתי כי לגופם של דברים לא הורם הנטל המצדיק את פסילת המותב, אף לא מטעמים של מראית פני הצדק (השוו: ע""א 1624/22 עמר נ' לב, פסקה 8 (13.4.2022))."
22058730.C09.txt	אשר על כן, אנו מורים על הפחתה מסוימת מתקופת המאסר בפועל שנגזרה על המערער, כך שזה יְרַצֶה 12 שנות מאסר, חלף העונש שנגזר עליו בבית משפט קמא.
22085310.E02.txt	סוף דבר, שהעתירה נדחית.
22030820.N09.txt	גם בהיבט זה, העונש שהושת אינו מחמיר ואף מקל עמו במידה רבה.
23009260.E02.txt	על צו המעצר הנוכחי נסבה העתירה דנן.
22058150.R04.txt	אנו מחזקות את ידי המתלוננת, ומקוות כי סיום ההליך הפלילי והכרתנו בכאבה העצום יתרמו לשיכוכו, ולו באופן חלקי; וכי הגבורה שעמדה לה בחשיפת מעשי הבלע של המערער תוסיף ותעמוד לה בכל התמודדות שעוד נכונה לה עם השלכות הפגיעה.
21058300.F07.txt	"נדרש משקל-נגד לפיתוי לעשות שימוש במידע-פנים, ""תריס בפני הפורענות"" (משנה, אבות ד, יא)."
22016640.M03.txt	בית המשפט יכריע בבקשה כאמור, ככל שתוגש, כחוכמתו וברי כי איני מביע עמדה לגופם של דברים.
21061540.E03.txt	
21073350.M12.txt	זאת, נגד דעתם החולקת של השופטים נ' סולברג, י' וילנר וד' מינץ.
22067220.N13.txt	כפי שציין בית המשפט, העובדה שהמערער נמנע מלספר לעורכת חוות הדעת על אירוע מיני נוסף שעלה בחקירתו משליכה על מידת הפתיחות שהביע במהלך עריכת חוות הדעת בעניינו, ועל המידה שניתן להסתמך על חוות דעת זו.
22081140.J08.txt	בשים לב לכלל שלפיו ערכאת הערעור אינה ממצה את הדין, אציע לחברתי ולחברי כי נדחה את ערעורי המשיבים ונקבל את ערעור המדינה באופן אשר חלף עונשי המאסר בפועל שנגזרו על המשיבים בבית המשפט המחוזי, ייגזרו עליהם העונשים הבאים: על המשיב 1 – 56 חודשי מאסר בפועל, תחת 40 חודשי מאסר; על המשיב 2 – 62 חודשי מאסר בפועל, תחת 46 חודשי מאסר, לצד הפעלת 4 חודשי מאסר מותנה, במצטבר; על המשיב 3 – 62 חודשי מאסר בפועל, תחת 46 חודשי מאסר, לצד הפעלת 3 חודשי מאסר מותנה, במצטבר; על המשיב 4 – 54 חודשי מאסר בפועל תחת 38 חודשי מאסר; על המשיב 5 – 62 חודשי מאסר בפועל תחת 46 חודשי מאסר, לצד הפעלת 3 חודשי מאסר מותנה, במצטבר; על המשיב 6 – 18 חודשי מאסר בפועל תחת 12 חודשי מאסר, לצד הפעלת 6 חודשי מאסר מותנה, במצטבר; ועל המשיב 7 – 18 חודשי מאסר בפועל תחת 12 חודשי מאסר, לצד הפעלת 3 חודשי מאסר מותנה, במצטבר.
22057360.F12.txt	"מהטעמים שמניתי לעיל, הנני מציע לחבריי כי נדחה את הערעור שלפנינו על כל חלקיו, בכפוף להחלפתו של סעיף 298 לחוק העונשין, כסעיף ההרשעה בגרימת מותה של נופר רווח ז""ל, בסעיף 301ג לחוק."
23055310.E02.txt	על כך נסבה העתירה דנן.
21024210.O10.txt	בנסיבות אלה, אציע לחברַי לדחות את הערעור.
23049070.J03.txt	בהתייחס לעונש שנגזר על האחר בעבירה (שותפם של השניים), הרי כעולה מהתערבות בית משפט זה בעונשו והעמדתו על 20 חודשי מאסר בפועל לצד ענישה נלווית, ובמכלול השיקולים של נסיבות המשיבים, יש לקבל את טענת המדינה בערעורה, לפיה העונשים שנגזרו בעניינם אף אינם משקפים את עקרון האחידות בענישה, בהתייחס לעונש שהוטל על האחר במסגרת ערעורה.
22079870.E02.txt	רשמנו לפנינו הצהרת המשיב כי בדעתו להאריך את הצו המנהלי לתקופה נוספת של ארבעה חודשים.
23022200.E02.txt	ביום 15.12.2022 אישר בית המשפט הצבאי את הצו השני; וביום 9.3.2023 דחה בית המשפט הצבאי לערעורים את ערעורו של העותר, בקובעו כי לא נפל פגם בהליך הביקורת השיפוטית.
23057500.E03.txt	על כך נסבה העתירה דנן.
21032230.Z07.txt	יתר רכיבי גזר הדין – הפיצוי והמאסר על תנאי בגין עבירת הרצח – ייוותרו על כנם.
21009900.C01.txt	"שנית, וכאן העיקר, מצוקה כלכלית של מי שהורשע בפלילים או של משפחתו אינה מהווה שיקול בעת קביעת פיצוי לנפגעי עבירה במסגרת הליך פלילי (ע""פ 8297/11 פלוני נ' מדינת ישראל, פסקה 26 (17.11.2013); ע""פ 3502/12 פלוני נ' מדינת ישראל, פסקה 10 (23.06.2013))."
22087650.M10.txt	למותר לציין כי טענות הצדדים בהתייחס להחלטה החדשה של בית המשפט המחוזי, שמורות להם בהליך המתאים.
21054200.E06.txt	אשר על כן, הערעור בעניינו של דור נדחה.
21054070.J03.txt	ממילא, נתון זה אף הוא שוקלל לזכותו של המערער בגזר דינו של בית המשפט המחוזי (עמוד 26 שם), ואיני מוצא כי יש בו כדי להצדיק הקלה נוספת בעונשו.
20088280.E18.txt	"שכ""ט שהיה על הרש""פ לשלם למשיבות לפי החלטתו של בית משפט קמא, יופחת בהתאם."
23029510.E02.txt	על כך נסבה העתירה דנן.
22027270.N13.txt	"נפגעי העבירה ערעור על גזר הדין של בית המשפט המחוזי באר שבע (השופטים א' ואגו, ס""נ, א' אינפלד וא' חזק) מיום 10.3.2022 בתפ""ח 50009-11-19 תאריך הישיבה: י""ב באייר התשפ""ג (3.5.2023) בשם המערער: עו""ד איתי בר עוז בשם משיבה 1: עו""ד אופיר ביתן פסק-דין המערער הורשע בעבירת רצח באדישות בכך שירה יריה אחת לעבר מקום עמידת המנוח איתו התגלע ויכוח."
23049000.E02.txt	על כך נסבה העתירה דנן.
22005590.R03.txt	"השוני בהיבט זה מצדיק הבחנה בין לואי ובין אזהר בכל הנוגע לגזירת עונשם בתוך המתחם (ראו למשל: ע""פ 8045/17 בראנסי נ' מדינת ישראל, פסקה 13 (16.8.2018); ע""פ 2978/18 מדינת ישראל נ' עבד אל רחים, פסקה 12 (16.9.2018))."
23020580.N05.txt	תוצאת הדברים היא, שאני מצטרפת לעמדת חבריי כי לא היתה מניעה להעמיד את המערער לדין פלילי ולהענישו, וכי העונש שהוטל עליו על-ידי בית המשפט המחוזי אינו חורג לחומרה באופן המצדיק התערבות ערכאת הערעור, ולפיכך דין הערעור להידחות.
23056760.E03.txt	סוף דבר, שהעתירה נדחית.
23027220.F04.txt	בנסיבות אלה, ברי הוא כי העונש שהושת על המשיב חורג במידה ניכרת לקולא מהענישה הראויה.
23009230.N04.txt	זאת על אחת כמה וכמה כאשר גרעין גרסתה של הקטינה מתחזקת באמצעות ראיות נוספות הכשרות למהדרין.
22086530.N09.txt	הערעור נדחה אפוא.
23026350.Y04.txt	למען הסר ספק יובהר כי אין החלטה זו נוגעת לעונש המאסר שנגזר על המשיב 2 במסגרת התיק האחר, והוא יעמוד בעינו, ויבוא בנוסף ובמצטבר לעונש המעצר שניתן בתיק זה, כפי שנקבע בתיק האחר.
21030910.W12.txt	"לטענתם, הפגיעה בטובת הילדים מתבטאת בעובדת ""היות ילדי המשיבה 1 קטינים שהינם תושבי קבע בישראל מלידתם, הזקוקים לאמם לכל הפחות עד גיל הבגרות""."
22044230.J05.txt	סוף דבר, העונש שנגזר על המערער הולם את חומרת מעשיו ומתחשב כדבעי במכלול נסיבות ביצוע העבירות.
22026400.O02.txt	השיקולים הרלבנטיים – הובאו כולם בחשבון.
22045930.G05.txt	בנסיבות העניין ומשלא נתבקשה תגובה לעתירה, אין צו להוצאות.
21078680.V05.txt	טענתו הנוספת של המערער, לפיה ציפייתו ואינטרס ההסתמכות שלו הצדיקו הימנעות מגזירת עונש המצוי בקצה העליון של הטווח המוסכם, אף היא אין לה על מה שתסמוך.
22044630.A14.txt	לאחר דיון בטענות הצדדים כולם, יכריע בית המשפט המחוזי בבקשה כחכמתו.
23018540.E02.txt	על כך נסבה העתירה דנן.
22012550.M02.txt	" החלטה בתיק ע""פ 1255/22 בבית המשפט העליון בשבתו כבית משפט לערעורים פליליים ע""פ 1255/22 לפני: כבוד המשנה לנשיאה ע' פוגלמן כבוד השופטת ג' כנפי-שטייניץ כבוד השופט ח' כבוב המערער: מוחמד סוילם נ ג ד המשיבה: מדינת ישראל ערעור על גזר הדין של בית המשפט המחוזי בירושלים (כב' סגן הנשיא ר' כרמל) בת""פ 54820-04-21 מיום 6.1.2022 תאריך הישיבה: כ""ח בתמוז התשפ""ב (27.7.2022) בשם המערער: עו""ד נאיל זחאלקה בשם המשיבה: עו""ד מסעד מסעד בשם שירות המבחן למבוגרים: עו""ס ברכה וייס פסק דין שקלנו את נימוקי הצדדים, נתנו דעתנו מחד לטיעוניו המפורטים של בא כוח המערער בדבר העדר משקל מספיק למצבו הנפשי ולנסיבות נוספות, לרמת הענישה המקובלת, ולטעות שנפלה בגזר הדין קמא שייחס לו ביצוע העבירות במקביל להליך פלילי אחר שתלוי ועומד נגדו, בעוד שאין מחלוקת כי הליך כזה לא התקיים."
22015470.Y06.txt	כב' השופט נחום שטרנליכט).
21015260.C12.txt	זאת, בהינתן ניצול האמון שנתנה המתלוננת במערער, כפיית המגע האינטימי וניסיון החדרת איבר מינו לאיבר מינה תוך הפעלת כוח מחד גיסא; והשימוש המצומצם באלימות, כמו גם משך האירוע (דקות ספורות בלבד) – אשר הופסק לפתע על-ידי המערער, מאידך גיסא.
23015730.N03.txt	"בית משפט זה עמד על כך לא אחת (וראו מיני רבים: בש""א 10092/17 צרניק נ' מדינת ישראל, פסקה 14 (1.2.2018); ער""פ 8481/21 כהן נ' מדינת ישראל, פסקה 24 (11.9.2022); ע""פ 2590/18 אלחואח נ' מדינת ישראל (5.7.2018); וכן בהחלטתו של השופט ח' כבוב בעניינו של המערער מיום 22.2.2023 בהליך העיקרי)."
21054050.E21.txt	כפועל יוצא מהשיקולים שמניתי – דינו של ערעור המדינה, על כל חלקיו, להידחות.
22045590.F04.txt	"העותרים יישאו בהוצאות משיבי המדינה, המשיבים 9-7 והמשיבים 11-10 בסך כולל של 5,000 ש""ח לכל קבוצת המשיבים (סה""כ 15,000 ש""ח)."
23039940.A04.txt	משלא התבקשה תגובה, אין צו להוצאות.
23078890.P02.txt	המפקד הצבאי- פיקוד מרכז 2.
22039820.M04.txt	זאת בשים לב לכלל שלפיו אין ערכאת הערעור נוהגת למצות את חומרת הדין.
23071610.E01.txt	"ואולם, בהמשך נקבע בהסכמת הצדדים כי הדיון בבש""פ יתקיים אף הוא בפני מותב שלושה ויישמע יחדיו בפני המותב שידון בערעור האזרחי (החלטת השופטת ע' ברון בבש""פ 8470/22 מיום 21.12.2022))."
22040990.M05.txt	לפיכך, בהתחשב גם בהערת גורמי הטיפול כי לקיחת האחריות מצדו של המערער נעשתה באופן פורמלי בלבד, תוך השלכת אחריות על אחרים, ונטייתו למזער מחומרת מעשיו; ובשים לב לחומרה היתרה שיש לייחס לעבירות מין בקטינות בכלל, ובמסגרת המשפחתית בפרט, החלטתי לצרף את דעתי לדעתו של חברי, המשנה לנשיאה ע' פוגלמן; אין הצדקה להעתר לערעור.
22039360.N02.txt	לא בכדי אפוא חזר בית משפט זה, חזור והדגש, כי יש להחמיר בענישה על עבירות כגון דא.
22058390.R03.txt	לנוכח כל האמור לעיל, לא מצאתי כי נפלה טעות מהותית בגזר הדין, או שהעונש שנגזר על המערער חורג באופן קיצוני ממדיניות הענישה הנוהגת, בנסיבות דומות.
22006420.J03.txt	"זאת מששיקולים אלו באו לידי ביטוי כנדרש בגזר דינו של בית המשפט המחוזי, ובשים לב להלכה לפיה ערכאת הערעור אינה נוטה להתערב בחומרת העונש שנגזר על ידי הערכאה הדיונית, אלא במקרים חריגים בהם ניכרת סטייה קיצונית ובולטת ממדיניות הענישה המקובלת בנסיבות דומות (ראו מני רבים: ע""פ 201/20 ליברטי נ' מדינת ישראל, פסקה 24 (3.2.2022))‏‏."
22035690.E02.txt	מכל מקום, מאופן התנהלותו של המשיב 1 שהציג לסוכן תמונות של כלי נשק שונים למכירה, ניתן ללמוד כי עסקי הנשק אינם זרים לו, וכך גם לגבי המשיב 2.
22080680.G04.txt	חוות הדעת ביחס לכל אחד משני המערערים תוגש בתוך 30 יום, ובהתאם יינתן פסק דין משלים.
